key_id,global_type_ids,z,formal_charge,aromatic,hybridization,degree,total_hs,in_ring,ring_count,neighbor_sig,bond_kinds,charge_mean,sigma_mean,epsilon_mean,mass_mean,hop1_shell,hop2_shell
1,segment2_25;segment4_52,1,0,0,S,1,0,0,0,"[""6:S:0""]","[""S""]",0.1126,2.5,0.03,1.008,"[{""ar"":0,""deg"":4,""fc"":0,""h"":1,""ring"":0,""z"":6}]","[{""ar"":0,""deg"":4,""fc"":0,""h"":2,""ring"":0,""z"":6},{""ar"":0,""deg"":4,""fc"":0,""h"":2,""ring"":0,""z"":6},{""ar"":1,""deg"":3,""fc"":0,""h"":0,""ring"":1,""z"":6}]"
2,segment2_9,1,0,0,S,1,0,0,0,"[""6:S:0""]","[""S""]",0.0979,2.5,0.03,1.008,"[{""ar"":0,""deg"":4,""fc"":0,""h"":1,""ring"":0,""z"":6}]","[{""ar"":0,""deg"":4,""fc"":0,""h"":2,""ring"":0,""z"":6},{""ar"":0,""deg"":4,""fc"":0,""h"":3,""ring"":0,""z"":6},{""ar"":1,""deg"":3,""fc"":0,""h"":0,""ring"":1,""z"":6}]"
3,segment4_37,1,0,0,S,1,0,0,0,"[""6:S:0""]","[""S""]",0.1272,2.5,0.03,1.008,"[{""ar"":0,""deg"":4,""fc"":0,""h"":1,""ring"":0,""z"":6}]","[{""ar"":0,""deg"":4,""fc"":0,""h"":2,""ring"":0,""z"":6},{""ar"":1,""deg"":3,""fc"":0,""h"":0,""ring"":1,""z"":6},{""ar"":1,""deg"":3,""fc"":0,""h"":0,""ring"":1,""z"":7}]"
4,segment4_26;segment4_27;segment4_28;segment4_29,1,0,0,S,1,0,0,0,"[""6:S:0""]","[""S""]",0.14515,2.5,0.03,1.008,"[{""ar"":0,""deg"":4,""fc"":0,""h"":2,""ring"":0,""z"":6}]","[{""ar"":0,""deg"":1,""fc"":0,""h"":0,""ring"":0,""z"":1},{""ar"":0,""deg"":3,""fc"":0,""h"":0,""ring"":0,""z"":6},{""ar"":0,""deg"":4,""fc"":0,""h"":2,""ring"":0,""z"":6}]"
5,segment1_7;segment1_8;segment1_10;segment1_11,1,0,0,S,1,0,0,0,"[""6:S:0""]","[""S""]",0.13805,2.5,0.03,1.008,"[{""ar"":0,""deg"":4,""fc"":0,""h"":2,""ring"":0,""z"":6}]","[{""ar"":0,""deg"":1,""fc"":0,""h"":0,""ring"":0,""z"":1},{""ar"":0,""deg"":3,""fc"":0,""h"":1,""ring"":0,""z"":6},{""ar"":0,""deg"":4,""fc"":0,""h"":2,""ring"":0,""z"":6}]"
6,segment2_22;segment2_23,1,0,0,S,1,0,0,0,"[""6:S:0""]","[""S""]",0.1103,2.5,0.03,1.008,"[{""ar"":0,""deg"":4,""fc"":0,""h"":2,""ring"":0,""z"":6}]","[{""ar"":0,""deg"":1,""fc"":0,""h"":0,""ring"":0,""z"":1},{""ar"":0,""deg"":4,""fc"":0,""h"":0,""ring"":0,""z"":6},{""ar"":0,""deg"":4,""fc"":0,""h"":1,""ring"":0,""z"":6}]"
7,segment2_6;segment2_7;segment4_38;segment4_71,1,0,0,S,1,0,0,0,"[""6:S:0""]","[""S""]",0.11155,2.5,0.03,1.008,"[{""ar"":0,""deg"":4,""fc"":0,""h"":2,""ring"":0,""z"":6}]","[{""ar"":0,""deg"":1,""fc"":0,""h"":0,""ring"":0,""z"":1},{""ar"":0,""deg"":4,""fc"":0,""h"":1,""ring"":0,""z"":6},{""ar"":0,""deg"":4,""fc"":0,""h"":1,""ring"":0,""z"":6}]"
8,segment4_61;segment4_62,1,0,0,S,1,0,0,0,"[""6:S:0""]","[""S""]",0.0911,2.5,0.03,1.008,"[{""ar"":0,""deg"":4,""fc"":0,""h"":2,""ring"":0,""z"":6}]","[{""ar"":0,""deg"":1,""fc"":0,""h"":0,""ring"":0,""z"":1},{""ar"":0,""deg"":4,""fc"":0,""h"":1,""ring"":0,""z"":6},{""ar"":0,""deg"":4,""fc"":0,""h"":2,""ring"":0,""z"":6}]"
9,segment1_69;segment1_70,1,0,0,S,1,0,0,0,"[""6:S:0""]","[""S""]",0.0921,2.5,0.03,1.008,"[{""ar"":0,""deg"":4,""fc"":0,""h"":2,""ring"":0,""z"":6}]","[{""ar"":0,""deg"":1,""fc"":0,""h"":0,""ring"":0,""z"":1},{""ar"":0,""deg"":4,""fc"":0,""h"":2,""ring"":0,""z"":6},{""ar"":0,""deg"":4,""fc"":0,""h"":0,""ring"":0,""z"":14}]"
10,segment1_19;segment1_20;segment1_66;segment1_67,1,0,0,S,1,0,0,0,"[""6:S:0""]","[""S""]",0.1075,2.5,0.03,1.008,"[{""ar"":0,""deg"":4,""fc"":0,""h"":2,""ring"":0,""z"":6}]","[{""ar"":0,""deg"":1,""fc"":0,""h"":0,""ring"":0,""z"":1},{""ar"":0,""deg"":4,""fc"":0,""h"":2,""ring"":0,""z"":6},{""ar"":0,""deg"":4,""fc"":0,""h"":0,""ring"":1,""z"":14}]"
11,segment4_32;segment4_33,1,0,0,S,1,0,0,0,"[""6:S:0""]","[""S""]",0.1194,2.5,0.03,1.008,"[{""ar"":0,""deg"":4,""fc"":0,""h"":2,""ring"":0,""z"":6}]","[{""ar"":0,""deg"":1,""fc"":0,""h"":0,""ring"":0,""z"":1},{""ar"":0,""deg"":4,""fc"":0,""h"":2,""ring"":0,""z"":6},{""ar"":0,""deg"":4,""fc"":0,""h"":2,""ring"":0,""z"":6}]"
12,segment4_34;segment4_35;segment4_63;segment4_64,1,0,0,S,1,0,0,0,"[""6:S:0""]","[""S""]",0.10605,2.5,0.03,1.008,"[{""ar"":0,""deg"":4,""fc"":0,""h"":2,""ring"":0,""z"":6}]","[{""ar"":0,""deg"":1,""fc"":0,""h"":0,""ring"":0,""z"":1},{""ar"":0,""deg"":4,""fc"":0,""h"":2,""ring"":0,""z"":6},{""ar"":1,""deg"":3,""fc"":0,""h"":0,""ring"":1,""z"":6}]"
13,segment1_16;segment1_17;segment4_30;segment4_31,1,0,0,S,1,0,0,0,"[""6:S:0""]","[""S""]",0.09955,2.5,0.03,1.008,"[{""ar"":0,""deg"":4,""fc"":0,""h"":2,""ring"":0,""z"":6}]","[{""ar"":0,""deg"":1,""fc"":0,""h"":0,""ring"":0,""z"":1},{""ar"":0,""deg"":4,""fc"":0,""h"":2,""ring"":0,""z"":6},{""ar"":0,""deg"":2,""fc"":0,""h"":0,""ring"":0,""z"":8}]"
14,segment2_42;segment2_43;segment4_25;segment4_58,1,0,0,S,1,0,0,0,"[""6:S:0""]","[""S""]",0.1012,2.5,0.03,1.008,"[{""ar"":0,""deg"":4,""fc"":0,""h"":2,""ring"":0,""z"":6}]","[{""ar"":0,""deg"":1,""fc"":0,""h"":0,""ring"":0,""z"":1},{""ar"":0,""deg"":4,""fc"":0,""h"":3,""ring"":0,""z"":6},{""ar"":0,""deg"":2,""fc"":0,""h"":0,""ring"":0,""z"":8}]"
15,segment1_74;segment1_75;segment1_76;segment1_77;segment1_78;segment1_79;segment1_84;segment1_85;segment1_86;segment1_87;segment1_88;segment1_89;segment1_94;segment1_95;segment1_96;segment1_97;segment1_98;segment1_99;segment1_100;segment1_101;segment1_102;segment3_7;segment3_8;segment3_9;segment3_10;segment3_11;segment3_12;segment3_17;segment3_18;segment3_19;segment3_20;segment3_21;segment3_22;segment3_27;segment3_28;segment3_29;segment3_30;segment3_31;segment3_32;segment3_37;segment3_38;segment3_39;segment3_40;segment3_41;segment3_42;segment3_47;segment3_48;segment3_49;segment3_50;segment3_51;segment3_52;segment3_57;segment3_58;segment3_59;segment3_60;segment3_61;segment3_62;segment3_63;segment3_64;segment3_65,1,0,0,S,1,0,0,0,"[""6:S:0""]","[""S""]",0.0978,2.5,0.03,1.008,"[{""ar"":0,""deg"":4,""fc"":0,""h"":3,""ring"":0,""z"":6}]","[{""ar"":0,""deg"":1,""fc"":0,""h"":0,""ring"":0,""z"":1},{""ar"":0,""deg"":1,""fc"":0,""h"":0,""ring"":0,""z"":1},{""ar"":0,""deg"":4,""fc"":0,""h"":0,""ring"":0,""z"":14}]"
16,segment1_38;segment1_39;segment1_40;segment1_42;segment1_43;segment1_44;segment1_45;segment1_46;segment1_47;segment1_55;segment1_56;segment1_57;segment1_58;segment1_59;segment1_60;segment1_61;segment1_62;segment1_63,1,0,0,S,1,0,0,0,"[""6:S:0""]","[""S""]",0.09965,2.5,0.03,1.008,"[{""ar"":0,""deg"":4,""fc"":0,""h"":3,""ring"":0,""z"":6}]","[{""ar"":0,""deg"":1,""fc"":0,""h"":0,""ring"":0,""z"":1},{""ar"":0,""deg"":1,""fc"":0,""h"":0,""ring"":0,""z"":1},{""ar"":0,""deg"":4,""fc"":0,""h"":0,""ring"":1,""z"":14}]"
17,segment2_49;segment2_50;segment2_51;segment2_52;segment2_53;segment2_54,1,0,0,S,1,0,0,0,"[""6:S:0""]","[""S""]",-0.002383,2.5,0.03,1.008,"[{""ar"":0,""deg"":4,""fc"":0,""h"":3,""ring"":0,""z"":6}]","[{""ar"":0,""deg"":1,""fc"":0,""h"":0,""ring"":0,""z"":1},{""ar"":0,""deg"":1,""fc"":0,""h"":0,""ring"":0,""z"":1},{""ar"":0,""deg"":4,""fc"":0,""h"":0,""ring"":0,""z"":6}]"
18,segment2_2;segment2_3;segment2_55,1,0,0,S,1,0,0,0,"[""6:S:0""]","[""S""]",0.125333,2.5,0.03,1.008,"[{""ar"":0,""deg"":4,""fc"":0,""h"":3,""ring"":0,""z"":6}]","[{""ar"":0,""deg"":1,""fc"":0,""h"":0,""ring"":0,""z"":1},{""ar"":0,""deg"":1,""fc"":0,""h"":0,""ring"":0,""z"":1},{""ar"":0,""deg"":4,""fc"":0,""h"":1,""ring"":0,""z"":6}]"
19,segment2_44;segment2_45;segment2_46;segment4_78;segment4_79;segment4_80,1,0,0,S,1,0,0,0,"[""6:S:0""]","[""S""]",0.10185,2.5,0.03,1.008,"[{""ar"":0,""deg"":4,""fc"":0,""h"":3,""ring"":0,""z"":6}]","[{""ar"":0,""deg"":1,""fc"":0,""h"":0,""ring"":0,""z"":1},{""ar"":0,""deg"":1,""fc"":0,""h"":0,""ring"":0,""z"":1},{""ar"":0,""deg"":4,""fc"":0,""h"":2,""ring"":0,""z"":6}]"
20,segment2_13;segment2_15;segment2_29;segment2_31;segment4_39;segment4_43;segment4_53;segment4_57;segment4_72;segment4_76,1,0,0,S,1,0,0,0,"[""6:S:1""]","[""S""]",0.15255,2.42,0.03,1.008,"[{""ar"":1,""deg"":3,""fc"":0,""h"":1,""ring"":1,""z"":6}]","[{""ar"":1,""deg"":3,""fc"":0,""h"":0,""ring"":1,""z"":6},{""ar"":1,""deg"":3,""fc"":0,""h"":1,""ring"":1,""z"":6}]"
21,segment4_36,1,0,0,S,1,0,0,0,"[""6:S:1""]","[""S""]",0.2254,2.42,0.03,1.008,"[{""ar"":1,""deg"":3,""fc"":0,""h"":1,""ring"":1,""z"":6}]","[{""ar"":1,""deg"":3,""fc"":0,""h"":0,""ring"":1,""z"":6},{""ar"":1,""deg"":3,""fc"":0,""h"":0,""ring"":1,""z"":7}]"
22,segment2_17;segment2_18;segment2_19;segment2_33;segment2_34;segment2_35;segment4_40;segment4_41;segment4_42;segment4_54;segment4_55;segment4_56;segment4_73;segment4_74;segment4_75,1,0,0,S,1,0,0,0,"[""6:S:1""]","[""S""]",0.153327,2.42,0.03,1.008,"[{""ar"":1,""deg"":3,""fc"":0,""h"":1,""ring"":1,""z"":6}]","[{""ar"":1,""deg"":3,""fc"":0,""h"":1,""ring"":1,""z"":6},{""ar"":1,""deg"":3,""fc"":0,""h"":1,""ring"":1,""z"":6}]"
23,segment3_1,1,0,0,S,1,0,0,0,"[""8:S:0""]","[""S""]",0.4552,0.0,0.0,1.008,"[{""ar"":0,""deg"":2,""fc"":0,""h"":1,""ring"":0,""z"":8}]","[{""ar"":0,""deg"":4,""fc"":0,""h"":0,""ring"":0,""z"":14}]"
24,segment1_1,1,0,0,S,1,0,0,0,"[""8:S:0""]","[""S""]",0.4439,0.0,0.0,1.008,"[{""ar"":0,""deg"":2,""fc"":0,""h"":1,""ring"":0,""z"":8}]","[{""ar"":0,""deg"":3,""fc"":0,""h"":1,""ring"":0,""z"":6}]"
25,segment1_68,14,0,0,SP3,4,0,0,0,"[""6:S:0"",""6:S:0"",""6:S:0"",""8:S:0""]","[""S"",""S"",""S"",""S""]",1.64,4.0,0.1,28.085,"[{""ar"":0,""deg"":4,""fc"":0,""h"":2,""ring"":0,""z"":6},{""ar"":0,""deg"":4,""fc"":0,""h"":3,""ring"":0,""z"":6},{""ar"":0,""deg"":4,""fc"":0,""h"":3,""ring"":0,""z"":6},{""ar"":0,""deg"":2,""fc"":0,""h"":0,""ring"":0,""z"":8}]","[{""ar"":0,""deg"":1,""fc"":0,""h"":0,""ring"":0,""z"":1},{""ar"":0,""deg"":1,""fc"":0,""h"":0,""ring"":0,""z"":1},{""ar"":0,""deg"":1,""fc"":0,""h"":0,""ring"":0,""z"":1},{""ar"":0,""deg"":1,""fc"":0,""h"":0,""ring"":0,""z"":1},{""ar"":0,""deg"":1,""fc"":0,""h"":0,""ring"":0,""z"":1},{""ar"":0,""deg"":1,""fc"":0,""h"":0,""ring"":0,""z"":1},{""ar"":0,""deg"":1,""fc"":0,""h"":0,""ring"":0,""z"":1},{""ar"":0,""deg"":1,""fc"":0,""h"":0,""ring"":0,""z"":1},{""ar"":0,""deg"":4,""fc"":0,""h"":2,""ring"":0,""z"":6},{""ar"":0,""deg"":4,""fc"":0,""h"":0,""ring"":0,""z"":14}]"
26,segment1_90;segment3_53,14,0,0,SP3,4,0,0,0,"[""6:S:0"",""6:S:0"",""6:S:0"",""8:S:0""]","[""S"",""S"",""S"",""S""]",1.66115,4.0,0.1,28.085,"[{""ar"":0,""deg"":4,""fc"":0,""h"":3,""ring"":0,""z"":6},{""ar"":0,""deg"":4,""fc"":0,""h"":3,""ring"":0,""z"":6},{""ar"":0,""deg"":4,""fc"":0,""h"":3,""ring"":0,""z"":6},{""ar"":0,""deg"":2,""fc"":0,""h"":0,""ring"":0,""z"":8}]","[{""ar"":0,""deg"":1,""fc"":0,""h"":0,""ring"":0,""z"":1},{""ar"":0,""deg"":1,""fc"":0,""h"":0,""ring"":0,""z"":1},{""ar"":0,""deg"":1,""fc"":0,""h"":0,""ring"":0,""z"":1},{""ar"":0,""deg"":1,""fc"":0,""h"":0,""ring"":0,""z"":1},{""ar"":0,""deg"":1,""fc"":0,""h"":0,""ring"":0,""z"":1},{""ar"":0,""deg"":1,""fc"":0,""h"":0,""ring"":0,""z"":1},{""ar"":0,""deg"":1,""fc"":0,""h"":0,""ring"":0,""z"":1},{""ar"":0,""deg"":1,""fc"":0,""h"":0,""ring"":0,""z"":1},{""ar"":0,""deg"":1,""fc"":0,""h"":0,""ring"":0,""z"":1},{""ar"":0,""deg"":4,""fc"":0,""h"":0,""ring"":0,""z"":14}]"
27,segment1_80;segment3_13;segment3_23;segment3_33;segment3_43,14,0,0,SP3,4,0,0,0,"[""6:S:0"",""6:S:0"",""8:S:0"",""8:S:0""]","[""S"",""S"",""S"",""S""]",1.93672,4.0,0.1,28.085,"[{""ar"":0,""deg"":4,""fc"":0,""h"":3,""ring"":0,""z"":6},{""ar"":0,""deg"":4,""fc"":0,""h"":3,""ring"":0,""z"":6},{""ar"":0,""deg"":2,""fc"":0,""h"":0,""ring"":0,""z"":8},{""ar"":0,""deg"":2,""fc"":0,""h"":0,""ring"":0,""z"":8}]","[{""ar"":0,""deg"":1,""fc"":0,""h"":0,""ring"":0,""z"":1},{""ar"":0,""deg"":1,""fc"":0,""h"":0,""ring"":0,""z"":1},{""ar"":0,""deg"":1,""fc"":0,""h"":0,""ring"":0,""z"":1},{""ar"":0,""deg"":1,""fc"":0,""h"":0,""ring"":0,""z"":1},{""ar"":0,""deg"":1,""fc"":0,""h"":0,""ring"":0,""z"":1},{""ar"":0,""deg"":1,""fc"":0,""h"":0,""ring"":0,""z"":1},{""ar"":0,""deg"":4,""fc"":0,""h"":0,""ring"":0,""z"":14},{""ar"":0,""deg"":4,""fc"":0,""h"":0,""ring"":0,""z"":14}]"
28,segment3_3,14,0,0,SP3,4,0,0,0,"[""6:S:0"",""6:S:0"",""8:S:0"",""8:S:0""]","[""S"",""S"",""S"",""S""]",1.8938,4.0,0.1,28.085,"[{""ar"":0,""deg"":4,""fc"":0,""h"":3,""ring"":0,""z"":6},{""ar"":0,""deg"":4,""fc"":0,""h"":3,""ring"":0,""z"":6},{""ar"":0,""deg"":2,""fc"":0,""h"":0,""ring"":0,""z"":8},{""ar"":0,""deg"":2,""fc"":0,""h"":1,""ring"":0,""z"":8}]","[{""ar"":0,""deg"":1,""fc"":0,""h"":0,""ring"":0,""z"":1},{""ar"":0,""deg"":1,""fc"":0,""h"":0,""ring"":0,""z"":1},{""ar"":0,""deg"":1,""fc"":0,""h"":0,""ring"":0,""z"":1},{""ar"":0,""deg"":1,""fc"":0,""h"":0,""ring"":0,""z"":1},{""ar"":0,""deg"":1,""fc"":0,""h"":0,""ring"":0,""z"":1},{""ar"":0,""deg"":1,""fc"":0,""h"":0,""ring"":0,""z"":1},{""ar"":0,""deg"":1,""fc"":0,""h"":0,""ring"":0,""z"":1},{""ar"":0,""deg"":4,""fc"":0,""h"":0,""ring"":0,""z"":14}]"
29,segment1_18;segment1_54,14,0,0,SP3,4,0,1,3,"[""6:S:0"",""8:S:0"",""8:S:0"",""8:S:0""]","[""S"",""S"",""S"",""S""]",2.1169,4.0,0.1,28.085,"[{""ar"":0,""deg"":4,""fc"":0,""h"":2,""ring"":0,""z"":6},{""ar"":0,""deg"":2,""fc"":0,""h"":0,""ring"":1,""z"":8},{""ar"":0,""deg"":2,""fc"":0,""h"":0,""ring"":1,""z"":8},{""ar"":0,""deg"":2,""fc"":0,""h"":0,""ring"":1,""z"":8}]","[{""ar"":0,""deg"":1,""fc"":0,""h"":0,""ring"":0,""z"":1},{""ar"":0,""deg"":1,""fc"":0,""h"":0,""ring"":0,""z"":1},{""ar"":0,""deg"":4,""fc"":0,""h"":2,""ring"":0,""z"":6},{""ar"":0,""deg"":4,""fc"":0,""h"":0,""ring"":1,""z"":14},{""ar"":0,""deg"":4,""fc"":0,""h"":0,""ring"":1,""z"":14},{""ar"":0,""deg"":4,""fc"":0,""h"":0,""ring"":1,""z"":14}]"
30,segment1_24;segment1_25;segment1_26;segment1_36;segment1_37;segment1_41,14,0,0,SP3,4,0,1,3,"[""6:S:0"",""8:S:0"",""8:S:0"",""8:S:0""]","[""S"",""S"",""S"",""S""]",2.11085,4.0,0.1,28.085,"[{""ar"":0,""deg"":4,""fc"":0,""h"":3,""ring"":0,""z"":6},{""ar"":0,""deg"":2,""fc"":0,""h"":0,""ring"":1,""z"":8},{""ar"":0,""deg"":2,""fc"":0,""h"":0,""ring"":1,""z"":8},{""ar"":0,""deg"":2,""fc"":0,""h"":0,""ring"":1,""z"":8}]","[{""ar"":0,""deg"":1,""fc"":0,""h"":0,""ring"":0,""z"":1},{""ar"":0,""deg"":1,""fc"":0,""h"":0,""ring"":0,""z"":1},{""ar"":0,""deg"":1,""fc"":0,""h"":0,""ring"":0,""z"":1},{""ar"":0,""deg"":4,""fc"":0,""h"":0,""ring"":1,""z"":14},{""ar"":0,""deg"":4,""fc"":0,""h"":0,""ring"":1,""z"":14},{""ar"":0,""deg"":4,""fc"":0,""h"":0,""ring"":1,""z"":14}]"
31,segment2_37,6,0,0,SP2,3,0,0,0,"[""6:S:0"",""8:D:0"",""8:S:0""]","[""D"",""S"",""S""]",0.4575,3.55,0.07,12.011,"[{""ar"":0,""deg"":4,""fc"":0,""h"":0,""ring"":0,""z"":6},{""ar"":0,""deg"":1,""fc"":0,""h"":0,""ring"":0,""z"":8},{""ar"":0,""deg"":2,""fc"":0,""h"":0,""ring"":0,""z"":8}]","[{""ar"":0,""deg"":4,""fc"":0,""h"":2,""ring"":0,""z"":6},{""ar"":0,""deg"":4,""fc"":0,""h"":2,""ring"":0,""z"":6},{""ar"":0,""deg"":4,""fc"":0,""h"":3,""ring"":0,""z"":6},{""ar"":0,""deg"":4,""fc"":0,""h"":3,""ring"":0,""z"":6}]"
32,segment4_3;segment4_6,6,0,0,SP2,3,0,0,0,"[""6:S:0"",""8:D:0"",""8:S:0""]","[""D"",""S"",""S""]",0.4585,3.55,0.07,12.011,"[{""ar"":0,""deg"":4,""fc"":0,""h"":2,""ring"":0,""z"":6},{""ar"":0,""deg"":1,""fc"":0,""h"":0,""ring"":0,""z"":8},{""ar"":0,""deg"":2,""fc"":0,""h"":0,""ring"":0,""z"":8}]","[{""ar"":0,""deg"":1,""fc"":0,""h"":0,""ring"":0,""z"":1},{""ar"":0,""deg"":1,""fc"":0,""h"":0,""ring"":0,""z"":1},{""ar"":0,""deg"":4,""fc"":0,""h"":2,""ring"":0,""z"":6},{""ar"":0,""deg"":4,""fc"":0,""h"":2,""ring"":0,""z"":6}]"
33,segment1_9,6,0,0,SP3,3,1,0,0,"[""6:S:0"",""8:S:0"",""8:S:0""]","[""S"",""S"",""S""]",0.4522,3.55,0.07,12.011,"[{""ar"":0,""deg"":4,""fc"":0,""h"":2,""ring"":0,""z"":6},{""ar"":0,""deg"":1,""fc"":0,""h"":1,""ring"":0,""z"":8},{""ar"":0,""deg"":2,""fc"":0,""h"":0,""ring"":0,""z"":8}]","[{""ar"":0,""deg"":1,""fc"":0,""h"":0,""ring"":0,""z"":1},{""ar"":0,""deg"":1,""fc"":0,""h"":0,""ring"":0,""z"":1},{""ar"":0,""deg"":4,""fc"":0,""h"":2,""ring"":0,""z"":6},{""ar"":0,""deg"":4,""fc"":0,""h"":2,""ring"":0,""z"":6}]"
34,segment1_3,6,0,0,SP3,3,1,0,0,"[""6:S:0"",""8:S:0"",""8:S:0""]","[""S"",""S"",""S""]",0.5188,3.55,0.07,12.011,"[{""ar"":0,""deg"":4,""fc"":0,""h"":2,""ring"":0,""z"":6},{""ar"":0,""deg"":1,""fc"":0,""h"":1,""ring"":0,""z"":8},{""ar"":0,""deg"":2,""fc"":0,""h"":1,""ring"":0,""z"":8}]","[{""ar"":0,""deg"":1,""fc"":0,""h"":0,""ring"":0,""z"":1},{""ar"":0,""deg"":1,""fc"":0,""h"":0,""ring"":0,""z"":1},{""ar"":0,""deg"":1,""fc"":0,""h"":0,""ring"":0,""z"":1},{""ar"":0,""deg"":4,""fc"":0,""h"":2,""ring"":0,""z"":6}]"
35,segment2_36,6,0,0,SP3,4,0,0,0,"[""6:S:0"",""6:S:0"",""6:S:0"",""6:S:0""]","[""S"",""S"",""S"",""S""]",-0.129,3.5,0.066,12.011,"[{""ar"":0,""deg"":3,""fc"":0,""h"":0,""ring"":0,""z"":6},{""ar"":0,""deg"":4,""fc"":0,""h"":2,""ring"":0,""z"":6},{""ar"":0,""deg"":4,""fc"":0,""h"":3,""ring"":0,""z"":6},{""ar"":0,""deg"":4,""fc"":0,""h"":3,""ring"":0,""z"":6}]","[{""ar"":0,""deg"":1,""fc"":0,""h"":0,""ring"":0,""z"":1},{""ar"":0,""deg"":1,""fc"":0,""h"":0,""ring"":0,""z"":1},{""ar"":0,""deg"":1,""fc"":0,""h"":0,""ring"":0,""z"":1},{""ar"":0,""deg"":1,""fc"":0,""h"":0,""ring"":0,""z"":1},{""ar"":0,""deg"":1,""fc"":0,""h"":0,""ring"":0,""z"":1},{""ar"":0,""deg"":1,""fc"":0,""h"":0,""ring"":0,""z"":1},{""ar"":0,""deg"":1,""fc"":0,""h"":0,""ring"":0,""z"":1},{""ar"":0,""deg"":1,""fc"":0,""h"":0,""ring"":0,""z"":1},{""ar"":0,""deg"":4,""fc"":0,""h"":1,""ring"":0,""z"":6},{""ar"":0,""deg"":1,""fc"":0,""h"":0,""ring"":0,""z"":8},{""ar"":0,""deg"":2,""fc"":0,""h"":0,""ring"":0,""z"":8}]"
36,segment2_21,6,0,0,SP3,4,1,0,0,"[""1:S:0"",""6:S:0"",""6:S:0"",""6:S:1""]","[""S"",""S"",""S"",""S""]",-0.0635,3.5,0.066,12.011,"[{""ar"":0,""deg"":1,""fc"":0,""h"":0,""ring"":0,""z"":1},{""ar"":0,""deg"":4,""fc"":0,""h"":2,""ring"":0,""z"":6},{""ar"":0,""deg"":4,""fc"":0,""h"":2,""ring"":0,""z"":6},{""ar"":1,""deg"":3,""fc"":0,""h"":0,""ring"":1,""z"":6}]","[{""ar"":0,""deg"":1,""fc"":0,""h"":0,""ring"":0,""z"":1},{""ar"":0,""deg"":1,""fc"":0,""h"":0,""ring"":0,""z"":1},{""ar"":0,""deg"":1,""fc"":0,""h"":0,""ring"":0,""z"":1},{""ar"":0,""deg"":1,""fc"":0,""h"":0,""ring"":0,""z"":1},{""ar"":0,""deg"":4,""fc"":0,""h"":0,""ring"":0,""z"":6},{""ar"":0,""deg"":4,""fc"":0,""h"":1,""ring"":0,""z"":6},{""ar"":1,""deg"":3,""fc"":0,""h"":1,""ring"":1,""z"":6},{""ar"":1,""deg"":3,""fc"":0,""h"":1,""ring"":1,""z"":6}]"
37,segment4_45,6,0,0,SP3,4,1,0,0,"[""1:S:0"",""6:S:0"",""6:S:0"",""6:S:1""]","[""S"",""S"",""S"",""S""]",-0.0615,3.5,0.066,12.011,"[{""ar"":0,""deg"":1,""fc"":0,""h"":0,""ring"":0,""z"":1},{""ar"":0,""deg"":4,""fc"":0,""h"":2,""ring"":0,""z"":6},{""ar"":0,""deg"":4,""fc"":0,""h"":2,""ring"":0,""z"":6},{""ar"":1,""deg"":3,""fc"":0,""h"":0,""ring"":1,""z"":6}]","[{""ar"":0,""deg"":1,""fc"":0,""h"":0,""ring"":0,""z"":1},{""ar"":0,""deg"":1,""fc"":0,""h"":0,""ring"":0,""z"":1},{""ar"":0,""deg"":1,""fc"":0,""h"":0,""ring"":0,""z"":1},{""ar"":0,""deg"":1,""fc"":0,""h"":0,""ring"":0,""z"":1},{""ar"":0,""deg"":4,""fc"":0,""h"":1,""ring"":0,""z"":6},{""ar"":0,""deg"":4,""fc"":0,""h"":2,""ring"":0,""z"":6},{""ar"":1,""deg"":3,""fc"":0,""h"":1,""ring"":1,""z"":6},{""ar"":1,""deg"":3,""fc"":0,""h"":1,""ring"":1,""z"":6}]"
38,segment2_5,6,0,0,SP3,4,1,0,0,"[""1:S:0"",""6:S:0"",""6:S:0"",""6:S:1""]","[""S"",""S"",""S"",""S""]",0.0102,3.5,0.066,12.011,"[{""ar"":0,""deg"":1,""fc"":0,""h"":0,""ring"":0,""z"":1},{""ar"":0,""deg"":4,""fc"":0,""h"":2,""ring"":0,""z"":6},{""ar"":0,""deg"":4,""fc"":0,""h"":3,""ring"":0,""z"":6},{""ar"":1,""deg"":3,""fc"":0,""h"":0,""ring"":1,""z"":6}]","[{""ar"":0,""deg"":1,""fc"":0,""h"":0,""ring"":0,""z"":1},{""ar"":0,""deg"":1,""fc"":0,""h"":0,""ring"":0,""z"":1},{""ar"":0,""deg"":1,""fc"":0,""h"":0,""ring"":0,""z"":1},{""ar"":0,""deg"":1,""fc"":0,""h"":0,""ring"":0,""z"":1},{""ar"":0,""deg"":1,""fc"":0,""h"":0,""ring"":0,""z"":1},{""ar"":0,""deg"":4,""fc"":0,""h"":1,""ring"":0,""z"":6},{""ar"":1,""deg"":3,""fc"":0,""h"":1,""ring"":1,""z"":6},{""ar"":1,""deg"":3,""fc"":0,""h"":1,""ring"":1,""z"":6}]"
39,segment4_17,6,0,0,SP3,4,1,0,0,"[""1:S:0"",""6:S:0"",""6:S:1"",""7:S:1""]","[""S"",""S"",""S"",""S""]",0.1481,3.5,0.066,12.011,"[{""ar"":0,""deg"":1,""fc"":0,""h"":0,""ring"":0,""z"":1},{""ar"":0,""deg"":4,""fc"":0,""h"":2,""ring"":0,""z"":6},{""ar"":1,""deg"":3,""fc"":0,""h"":0,""ring"":1,""z"":6},{""ar"":1,""deg"":3,""fc"":0,""h"":0,""ring"":1,""z"":7}]","[{""ar"":0,""deg"":1,""fc"":0,""h"":0,""ring"":0,""z"":1},{""ar"":0,""deg"":1,""fc"":0,""h"":0,""ring"":0,""z"":1},{""ar"":0,""deg"":4,""fc"":0,""h"":1,""ring"":0,""z"":6},{""ar"":1,""deg"":3,""fc"":0,""h"":1,""ring"":1,""z"":6},{""ar"":1,""deg"":3,""fc"":0,""h"":1,""ring"":1,""z"":6},{""ar"":1,""deg"":3,""fc"":0,""h"":1,""ring"":1,""z"":6},{""ar"":1,""deg"":2,""fc"":0,""h"":0,""ring"":1,""z"":7}]"
40,segment1_65,6,0,0,SP3,4,2,0,0,"[""14:S:0"",""1:S:0"",""1:S:0"",""6:S:0""]","[""S"",""S"",""S"",""S""]",-0.5256,3.5,0.066,12.011,"[{""ar"":0,""deg"":1,""fc"":0,""h"":0,""ring"":0,""z"":1},{""ar"":0,""deg"":1,""fc"":0,""h"":0,""ring"":0,""z"":1},{""ar"":0,""deg"":4,""fc"":0,""h"":2,""ring"":0,""z"":6},{""ar"":0,""deg"":4,""fc"":0,""h"":0,""ring"":0,""z"":14}]","[{""ar"":0,""deg"":1,""fc"":0,""h"":0,""ring"":0,""z"":1},{""ar"":0,""deg"":1,""fc"":0,""h"":0,""ring"":0,""z"":1},{""ar"":0,""deg"":4,""fc"":0,""h"":3,""ring"":0,""z"":6},{""ar"":0,""deg"":4,""fc"":0,""h"":3,""ring"":0,""z"":6},{""ar"":0,""deg"":2,""fc"":0,""h"":0,""ring"":0,""z"":8},{""ar"":0,""deg"":4,""fc"":0,""h"":0,""ring"":1,""z"":14}]"
41,segment1_15,6,0,0,SP3,4,2,0,0,"[""14:S:0"",""1:S:0"",""1:S:0"",""6:S:0""]","[""S"",""S"",""S"",""S""]",-0.637,3.5,0.066,12.011,"[{""ar"":0,""deg"":1,""fc"":0,""h"":0,""ring"":0,""z"":1},{""ar"":0,""deg"":1,""fc"":0,""h"":0,""ring"":0,""z"":1},{""ar"":0,""deg"":4,""fc"":0,""h"":2,""ring"":0,""z"":6},{""ar"":0,""deg"":4,""fc"":0,""h"":0,""ring"":1,""z"":14}]","[{""ar"":0,""deg"":1,""fc"":0,""h"":0,""ring"":0,""z"":1},{""ar"":0,""deg"":1,""fc"":0,""h"":0,""ring"":0,""z"":1},{""ar"":0,""deg"":2,""fc"":0,""h"":0,""ring"":0,""z"":8},{""ar"":0,""deg"":2,""fc"":0,""h"":0,""ring"":1,""z"":8},{""ar"":0,""deg"":2,""fc"":0,""h"":0,""ring"":1,""z"":8},{""ar"":0,""deg"":2,""fc"":0,""h"":0,""ring"":1,""z"":8}]"
42,segment1_64,6,0,0,SP3,4,2,0,0,"[""14:S:0"",""1:S:0"",""1:S:0"",""6:S:0""]","[""S"",""S"",""S"",""S""]",-0.5782,3.5,0.066,12.011,"[{""ar"":0,""deg"":1,""fc"":0,""h"":0,""ring"":0,""z"":1},{""ar"":0,""deg"":1,""fc"":0,""h"":0,""ring"":0,""z"":1},{""ar"":0,""deg"":4,""fc"":0,""h"":2,""ring"":0,""z"":6},{""ar"":0,""deg"":4,""fc"":0,""h"":0,""ring"":1,""z"":14}]","[{""ar"":0,""deg"":1,""fc"":0,""h"":0,""ring"":0,""z"":1},{""ar"":0,""deg"":1,""fc"":0,""h"":0,""ring"":0,""z"":1},{""ar"":0,""deg"":2,""fc"":0,""h"":0,""ring"":1,""z"":8},{""ar"":0,""deg"":2,""fc"":0,""h"":0,""ring"":1,""z"":8},{""ar"":0,""deg"":2,""fc"":0,""h"":0,""ring"":1,""z"":8},{""ar"":0,""deg"":4,""fc"":0,""h"":0,""ring"":0,""z"":14}]"
43,segment4_4;segment4_5,6,0,0,SP3,4,2,0,0,"[""1:S:0"",""1:S:0"",""6:S:0"",""6:S:0""]","[""S"",""S"",""S"",""S""]",-0.19095,3.5,0.066,12.011,"[{""ar"":0,""deg"":1,""fc"":0,""h"":0,""ring"":0,""z"":1},{""ar"":0,""deg"":1,""fc"":0,""h"":0,""ring"":0,""z"":1},{""ar"":0,""deg"":3,""fc"":0,""h"":0,""ring"":0,""z"":6},{""ar"":0,""deg"":4,""fc"":0,""h"":2,""ring"":0,""z"":6}]","[{""ar"":0,""deg"":1,""fc"":0,""h"":0,""ring"":0,""z"":1},{""ar"":0,""deg"":1,""fc"":0,""h"":0,""ring"":0,""z"":1},{""ar"":0,""deg"":3,""fc"":0,""h"":0,""ring"":0,""z"":6},{""ar"":0,""deg"":1,""fc"":0,""h"":0,""ring"":0,""z"":8},{""ar"":0,""deg"":2,""fc"":0,""h"":0,""ring"":0,""z"":8}]"
44,segment1_6,6,0,0,SP3,4,2,0,0,"[""1:S:0"",""1:S:0"",""6:S:0"",""6:S:0""]","[""S"",""S"",""S"",""S""]",-0.1852,3.5,0.066,12.011,"[{""ar"":0,""deg"":1,""fc"":0,""h"":0,""ring"":0,""z"":1},{""ar"":0,""deg"":1,""fc"":0,""h"":0,""ring"":0,""z"":1},{""ar"":0,""deg"":3,""fc"":0,""h"":1,""ring"":0,""z"":6},{""ar"":0,""deg"":4,""fc"":0,""h"":2,""ring"":0,""z"":6}]","[{""ar"":0,""deg"":1,""fc"":0,""h"":0,""ring"":0,""z"":1},{""ar"":0,""deg"":1,""fc"":0,""h"":0,""ring"":0,""z"":1},{""ar"":0,""deg"":3,""fc"":0,""h"":1,""ring"":0,""z"":6},{""ar"":0,""deg"":1,""fc"":0,""h"":1,""ring"":0,""z"":8},{""ar"":0,""deg"":2,""fc"":0,""h"":0,""ring"":0,""z"":8}]"
45,segment1_4,6,0,0,SP3,4,2,0,0,"[""1:S:0"",""1:S:0"",""6:S:0"",""6:S:0""]","[""S"",""S"",""S"",""S""]",-0.2613,3.5,0.066,12.011,"[{""ar"":0,""deg"":1,""fc"":0,""h"":0,""ring"":0,""z"":1},{""ar"":0,""deg"":1,""fc"":0,""h"":0,""ring"":0,""z"":1},{""ar"":0,""deg"":3,""fc"":0,""h"":1,""ring"":0,""z"":6},{""ar"":0,""deg"":4,""fc"":0,""h"":2,""ring"":0,""z"":6}]","[{""ar"":0,""deg"":1,""fc"":0,""h"":0,""ring"":0,""z"":1},{""ar"":0,""deg"":1,""fc"":0,""h"":0,""ring"":0,""z"":1},{""ar"":0,""deg"":3,""fc"":0,""h"":1,""ring"":0,""z"":6},{""ar"":0,""deg"":1,""fc"":0,""h"":1,""ring"":0,""z"":8},{""ar"":0,""deg"":2,""fc"":0,""h"":1,""ring"":0,""z"":8}]"
46,segment2_20,6,0,0,SP3,4,2,0,0,"[""1:S:0"",""1:S:0"",""6:S:0"",""6:S:0""]","[""S"",""S"",""S"",""S""]",-0.1497,3.5,0.066,12.011,"[{""ar"":0,""deg"":1,""fc"":0,""h"":0,""ring"":0,""z"":1},{""ar"":0,""deg"":1,""fc"":0,""h"":0,""ring"":0,""z"":1},{""ar"":0,""deg"":4,""fc"":0,""h"":0,""ring"":0,""z"":6},{""ar"":0,""deg"":4,""fc"":0,""h"":1,""ring"":0,""z"":6}]","[{""ar"":0,""deg"":1,""fc"":0,""h"":0,""ring"":0,""z"":1},{""ar"":0,""deg"":3,""fc"":0,""h"":0,""ring"":0,""z"":6},{""ar"":0,""deg"":4,""fc"":0,""h"":2,""ring"":0,""z"":6},{""ar"":0,""deg"":4,""fc"":0,""h"":3,""ring"":0,""z"":6},{""ar"":0,""deg"":4,""fc"":0,""h"":3,""ring"":0,""z"":6},{""ar"":1,""deg"":3,""fc"":0,""h"":0,""ring"":1,""z"":6}]"
47,segment2_4,6,0,0,SP3,4,2,0,0,"[""1:S:0"",""1:S:0"",""6:S:0"",""6:S:0""]","[""S"",""S"",""S"",""S""]",-0.1931,3.5,0.066,12.011,"[{""ar"":0,""deg"":1,""fc"":0,""h"":0,""ring"":0,""z"":1},{""ar"":0,""deg"":1,""fc"":0,""h"":0,""ring"":0,""z"":1},{""ar"":0,""deg"":4,""fc"":0,""h"":1,""ring"":0,""z"":6},{""ar"":0,""deg"":4,""fc"":0,""h"":1,""ring"":0,""z"":6}]","[{""ar"":0,""deg"":1,""fc"":0,""h"":0,""ring"":0,""z"":1},{""ar"":0,""deg"":1,""fc"":0,""h"":0,""ring"":0,""z"":1},{""ar"":0,""deg"":4,""fc"":0,""h"":2,""ring"":0,""z"":6},{""ar"":0,""deg"":4,""fc"":0,""h"":3,""ring"":0,""z"":6},{""ar"":1,""deg"":3,""fc"":0,""h"":0,""ring"":1,""z"":6},{""ar"":1,""deg"":3,""fc"":0,""h"":0,""ring"":1,""z"":6}]"
48,segment4_18,6,0,0,SP3,4,2,0,0,"[""1:S:0"",""1:S:0"",""6:S:0"",""6:S:0""]","[""S"",""S"",""S"",""S""]",-0.1731,3.5,0.066,12.011,"[{""ar"":0,""deg"":1,""fc"":0,""h"":0,""ring"":0,""z"":1},{""ar"":0,""deg"":1,""fc"":0,""h"":0,""ring"":0,""z"":1},{""ar"":0,""deg"":4,""fc"":0,""h"":1,""ring"":0,""z"":6},{""ar"":0,""deg"":4,""fc"":0,""h"":1,""ring"":0,""z"":6}]","[{""ar"":0,""deg"":1,""fc"":0,""h"":0,""ring"":0,""z"":1},{""ar"":0,""deg"":1,""fc"":0,""h"":0,""ring"":0,""z"":1},{""ar"":0,""deg"":4,""fc"":0,""h"":2,""ring"":0,""z"":6},{""ar"":1,""deg"":3,""fc"":0,""h"":0,""ring"":1,""z"":6},{""ar"":1,""deg"":3,""fc"":0,""h"":0,""ring"":1,""z"":6},{""ar"":1,""deg"":3,""fc"":0,""h"":0,""ring"":1,""z"":7}]"
49,segment4_59,6,0,0,SP3,4,2,0,0,"[""1:S:0"",""1:S:0"",""6:S:0"",""6:S:0""]","[""S"",""S"",""S"",""S""]",-0.1602,3.5,0.066,12.011,"[{""ar"":0,""deg"":1,""fc"":0,""h"":0,""ring"":0,""z"":1},{""ar"":0,""deg"":1,""fc"":0,""h"":0,""ring"":0,""z"":1},{""ar"":0,""deg"":4,""fc"":0,""h"":1,""ring"":0,""z"":6},{""ar"":0,""deg"":4,""fc"":0,""h"":2,""ring"":0,""z"":6}]","[{""ar"":0,""deg"":1,""fc"":0,""h"":0,""ring"":0,""z"":1},{""ar"":0,""deg"":1,""fc"":0,""h"":0,""ring"":0,""z"":1},{""ar"":0,""deg"":1,""fc"":0,""h"":0,""ring"":0,""z"":1},{""ar"":0,""deg"":4,""fc"":0,""h"":2,""ring"":0,""z"":6},{""ar"":1,""deg"":3,""fc"":0,""h"":0,""ring"":1,""z"":6},{""ar"":1,""deg"":3,""fc"":0,""h"":0,""ring"":1,""z"":6}]"
50,segment4_9,6,0,0,SP3,4,2,0,0,"[""1:S:0"",""1:S:0"",""6:S:0"",""6:S:0""]","[""S"",""S"",""S"",""S""]",-0.191,3.5,0.066,12.011,"[{""ar"":0,""deg"":1,""fc"":0,""h"":0,""ring"":0,""z"":1},{""ar"":0,""deg"":1,""fc"":0,""h"":0,""ring"":0,""z"":1},{""ar"":0,""deg"":4,""fc"":0,""h"":2,""ring"":0,""z"":6},{""ar"":0,""deg"":4,""fc"":0,""h"":2,""ring"":0,""z"":6}]","[{""ar"":0,""deg"":1,""fc"":0,""h"":0,""ring"":0,""z"":1},{""ar"":0,""deg"":1,""fc"":0,""h"":0,""ring"":0,""z"":1},{""ar"":0,""deg"":1,""fc"":0,""h"":0,""ring"":0,""z"":1},{""ar"":0,""deg"":1,""fc"":0,""h"":0,""ring"":0,""z"":1},{""ar"":1,""deg"":3,""fc"":0,""h"":0,""ring"":1,""z"":6},{""ar"":0,""deg"":2,""fc"":0,""h"":0,""ring"":0,""z"":8}]"
51,segment4_60,6,0,0,SP3,4,2,0,0,"[""1:S:0"",""1:S:0"",""6:S:0"",""6:S:1""]","[""S"",""S"",""S"",""S""]",-0.1333,3.5,0.066,12.011,"[{""ar"":0,""deg"":1,""fc"":0,""h"":0,""ring"":0,""z"":1},{""ar"":0,""deg"":1,""fc"":0,""h"":0,""ring"":0,""z"":1},{""ar"":0,""deg"":4,""fc"":0,""h"":2,""ring"":0,""z"":6},{""ar"":1,""deg"":3,""fc"":0,""h"":0,""ring"":1,""z"":6}]","[{""ar"":0,""deg"":1,""fc"":0,""h"":0,""ring"":0,""z"":1},{""ar"":0,""deg"":1,""fc"":0,""h"":0,""ring"":0,""z"":1},{""ar"":0,""deg"":4,""fc"":0,""h"":1,""ring"":0,""z"":6},{""ar"":1,""deg"":3,""fc"":0,""h"":1,""ring"":1,""z"":6},{""ar"":1,""deg"":3,""fc"":0,""h"":1,""ring"":1,""z"":6}]"
52,segment4_10,6,0,0,SP3,4,2,0,0,"[""1:S:0"",""1:S:0"",""6:S:0"",""6:S:1""]","[""S"",""S"",""S"",""S""]",-0.0822,3.5,0.066,12.011,"[{""ar"":0,""deg"":1,""fc"":0,""h"":0,""ring"":0,""z"":1},{""ar"":0,""deg"":1,""fc"":0,""h"":0,""ring"":0,""z"":1},{""ar"":0,""deg"":4,""fc"":0,""h"":2,""ring"":0,""z"":6},{""ar"":1,""deg"":3,""fc"":0,""h"":0,""ring"":1,""z"":6}]","[{""ar"":0,""deg"":1,""fc"":0,""h"":0,""ring"":0,""z"":1},{""ar"":0,""deg"":1,""fc"":0,""h"":0,""ring"":0,""z"":1},{""ar"":0,""deg"":4,""fc"":0,""h"":2,""ring"":0,""z"":6},{""ar"":1,""deg"":3,""fc"":0,""h"":1,""ring"":1,""z"":6},{""ar"":1,""deg"":2,""fc"":0,""h"":0,""ring"":1,""z"":7}]"
53,segment4_8,6,0,0,SP3,4,2,0,0,"[""1:S:0"",""1:S:0"",""6:S:0"",""8:S:0""]","[""S"",""S"",""S"",""S""]",0.0144,3.5,0.066,12.011,"[{""ar"":0,""deg"":1,""fc"":0,""h"":0,""ring"":0,""z"":1},{""ar"":0,""deg"":1,""fc"":0,""h"":0,""ring"":0,""z"":1},{""ar"":0,""deg"":4,""fc"":0,""h"":2,""ring"":0,""z"":6},{""ar"":0,""deg"":2,""fc"":0,""h"":0,""ring"":0,""z"":8}]","[{""ar"":0,""deg"":1,""fc"":0,""h"":0,""ring"":0,""z"":1},{""ar"":0,""deg"":1,""fc"":0,""h"":0,""ring"":0,""z"":1},{""ar"":0,""deg"":3,""fc"":0,""h"":0,""ring"":0,""z"":6},{""ar"":0,""deg"":4,""fc"":0,""h"":2,""ring"":0,""z"":6}]"
54,segment1_14,6,0,0,SP3,4,2,0,0,"[""1:S:0"",""1:S:0"",""6:S:0"",""8:S:0""]","[""S"",""S"",""S"",""S""]",0.0424,3.5,0.066,12.011,"[{""ar"":0,""deg"":1,""fc"":0,""h"":0,""ring"":0,""z"":1},{""ar"":0,""deg"":1,""fc"":0,""h"":0,""ring"":0,""z"":1},{""ar"":0,""deg"":4,""fc"":0,""h"":2,""ring"":0,""z"":6},{""ar"":0,""deg"":2,""fc"":0,""h"":0,""ring"":0,""z"":8}]","[{""ar"":0,""deg"":1,""fc"":0,""h"":0,""ring"":0,""z"":1},{""ar"":0,""deg"":1,""fc"":0,""h"":0,""ring"":0,""z"":1},{""ar"":0,""deg"":3,""fc"":0,""h"":1,""ring"":0,""z"":6},{""ar"":0,""deg"":4,""fc"":0,""h"":0,""ring"":1,""z"":14}]"
55,segment2_40;segment4_1,6,0,0,SP3,4,2,0,0,"[""1:S:0"",""1:S:0"",""6:S:0"",""8:S:0""]","[""S"",""S"",""S"",""S""]",0.012,3.5,0.066,12.011,"[{""ar"":0,""deg"":1,""fc"":0,""h"":0,""ring"":0,""z"":1},{""ar"":0,""deg"":1,""fc"":0,""h"":0,""ring"":0,""z"":1},{""ar"":0,""deg"":4,""fc"":0,""h"":3,""ring"":0,""z"":6},{""ar"":0,""deg"":2,""fc"":0,""h"":0,""ring"":0,""z"":8}]","[{""ar"":0,""deg"":1,""fc"":0,""h"":0,""ring"":0,""z"":1},{""ar"":0,""deg"":1,""fc"":0,""h"":0,""ring"":0,""z"":1},{""ar"":0,""deg"":1,""fc"":0,""h"":0,""ring"":0,""z"":1},{""ar"":0,""deg"":3,""fc"":0,""h"":0,""ring"":0,""z"":6}]"
56,segment1_71;segment1_72,6,0,0,SP3,4,3,0,0,"[""14:S:0"",""1:S:0"",""1:S:0"",""1:S:0""]","[""S"",""S"",""S"",""S""]",-0.6695,3.5,0.066,12.011,"[{""ar"":0,""deg"":1,""fc"":0,""h"":0,""ring"":0,""z"":1},{""ar"":0,""deg"":1,""fc"":0,""h"":0,""ring"":0,""z"":1},{""ar"":0,""deg"":1,""fc"":0,""h"":0,""ring"":0,""z"":1},{""ar"":0,""deg"":4,""fc"":0,""h"":0,""ring"":0,""z"":14}]","[{""ar"":0,""deg"":4,""fc"":0,""h"":2,""ring"":0,""z"":6},{""ar"":0,""deg"":4,""fc"":0,""h"":3,""ring"":0,""z"":6},{""ar"":0,""deg"":2,""fc"":0,""h"":0,""ring"":0,""z"":8}]"
57,segment1_91;segment1_92;segment1_93;segment3_54;segment3_55;segment3_56,6,0,0,SP3,4,3,0,0,"[""14:S:0"",""1:S:0"",""1:S:0"",""1:S:0""]","[""S"",""S"",""S"",""S""]",-0.665883,3.5,0.066,12.011,"[{""ar"":0,""deg"":1,""fc"":0,""h"":0,""ring"":0,""z"":1},{""ar"":0,""deg"":1,""fc"":0,""h"":0,""ring"":0,""z"":1},{""ar"":0,""deg"":1,""fc"":0,""h"":0,""ring"":0,""z"":1},{""ar"":0,""deg"":4,""fc"":0,""h"":0,""ring"":0,""z"":14}]","[{""ar"":0,""deg"":4,""fc"":0,""h"":3,""ring"":0,""z"":6},{""ar"":0,""deg"":4,""fc"":0,""h"":3,""ring"":0,""z"":6},{""ar"":0,""deg"":2,""fc"":0,""h"":0,""ring"":0,""z"":8}]"
58,segment1_81;segment1_82;segment3_14;segment3_15;segment3_24;segment3_25;segment3_34;segment3_35;segment3_44;segment3_45,6,0,0,SP3,4,3,0,0,"[""14:S:0"",""1:S:0"",""1:S:0"",""1:S:0""]","[""S"",""S"",""S"",""S""]",-0.71259,3.5,0.066,12.011,"[{""ar"":0,""deg"":1,""fc"":0,""h"":0,""ring"":0,""z"":1},{""ar"":0,""deg"":1,""fc"":0,""h"":0,""ring"":0,""z"":1},{""ar"":0,""deg"":1,""fc"":0,""h"":0,""ring"":0,""z"":1},{""ar"":0,""deg"":4,""fc"":0,""h"":0,""ring"":0,""z"":14}]","[{""ar"":0,""deg"":4,""fc"":0,""h"":3,""ring"":0,""z"":6},{""ar"":0,""deg"":2,""fc"":0,""h"":0,""ring"":0,""z"":8},{""ar"":0,""deg"":2,""fc"":0,""h"":0,""ring"":0,""z"":8}]"
59,segment3_4;segment3_5,6,0,0,SP3,4,3,0,0,"[""14:S:0"",""1:S:0"",""1:S:0"",""1:S:0""]","[""S"",""S"",""S"",""S""]",-0.71725,3.5,0.066,12.011,"[{""ar"":0,""deg"":1,""fc"":0,""h"":0,""ring"":0,""z"":1},{""ar"":0,""deg"":1,""fc"":0,""h"":0,""ring"":0,""z"":1},{""ar"":0,""deg"":1,""fc"":0,""h"":0,""ring"":0,""z"":1},{""ar"":0,""deg"":4,""fc"":0,""h"":0,""ring"":0,""z"":14}]","[{""ar"":0,""deg"":4,""fc"":0,""h"":3,""ring"":0,""z"":6},{""ar"":0,""deg"":2,""fc"":0,""h"":0,""ring"":0,""z"":8},{""ar"":0,""deg"":2,""fc"":0,""h"":1,""ring"":0,""z"":8}]"
60,segment1_29;segment1_32;segment1_35;segment1_49;segment1_51;segment1_53,6,0,0,SP3,4,3,0,0,"[""14:S:0"",""1:S:0"",""1:S:0"",""1:S:0""]","[""S"",""S"",""S"",""S""]",-0.694667,3.5,0.066,12.011,"[{""ar"":0,""deg"":1,""fc"":0,""h"":0,""ring"":0,""z"":1},{""ar"":0,""deg"":1,""fc"":0,""h"":0,""ring"":0,""z"":1},{""ar"":0,""deg"":1,""fc"":0,""h"":0,""ring"":0,""z"":1},{""ar"":0,""deg"":4,""fc"":0,""h"":0,""ring"":1,""z"":14}]","[{""ar"":0,""deg"":2,""fc"":0,""h"":0,""ring"":1,""z"":8},{""ar"":0,""deg"":2,""fc"":0,""h"":0,""ring"":1,""z"":8},{""ar"":0,""deg"":2,""fc"":0,""h"":0,""ring"":1,""z"":8}]"
61,segment2_47;segment2_48,6,0,0,SP3,4,3,0,0,"[""1:S:0"",""1:S:0"",""1:S:0"",""6:S:0""]","[""S"",""S"",""S"",""S""]",-0.07165,3.5,0.066,12.011,"[{""ar"":0,""deg"":1,""fc"":0,""h"":0,""ring"":0,""z"":1},{""ar"":0,""deg"":1,""fc"":0,""h"":0,""ring"":0,""z"":1},{""ar"":0,""deg"":1,""fc"":0,""h"":0,""ring"":0,""z"":1},{""ar"":0,""deg"":4,""fc"":0,""h"":0,""ring"":0,""z"":6}]","[{""ar"":0,""deg"":3,""fc"":0,""h"":0,""ring"":0,""z"":6},{""ar"":0,""deg"":4,""fc"":0,""h"":2,""ring"":0,""z"":6},{""ar"":0,""deg"":4,""fc"":0,""h"":3,""ring"":0,""z"":6}]"
62,segment2_1,6,0,0,SP3,4,3,0,0,"[""1:S:0"",""1:S:0"",""1:S:0"",""6:S:0""]","[""S"",""S"",""S"",""S""]",-0.1325,3.5,0.066,12.011,"[{""ar"":0,""deg"":1,""fc"":0,""h"":0,""ring"":0,""z"":1},{""ar"":0,""deg"":1,""fc"":0,""h"":0,""ring"":0,""z"":1},{""ar"":0,""deg"":1,""fc"":0,""h"":0,""ring"":0,""z"":1},{""ar"":0,""deg"":4,""fc"":0,""h"":1,""ring"":0,""z"":6}]","[{""ar"":0,""deg"":1,""fc"":0,""h"":0,""ring"":0,""z"":1},{""ar"":0,""deg"":4,""fc"":0,""h"":2,""ring"":0,""z"":6},{""ar"":1,""deg"":3,""fc"":0,""h"":0,""ring"":1,""z"":6}]"
63,segment2_41;segment4_77,6,0,0,SP3,4,3,0,0,"[""1:S:0"",""1:S:0"",""1:S:0"",""6:S:0""]","[""S"",""S"",""S"",""S""]",-0.25635,3.5,0.066,12.011,"[{""ar"":0,""deg"":1,""fc"":0,""h"":0,""ring"":0,""z"":1},{""ar"":0,""deg"":1,""fc"":0,""h"":0,""ring"":0,""z"":1},{""ar"":0,""deg"":1,""fc"":0,""h"":0,""ring"":0,""z"":1},{""ar"":0,""deg"":4,""fc"":0,""h"":2,""ring"":0,""z"":6}]","[{""ar"":0,""deg"":1,""fc"":0,""h"":0,""ring"":0,""z"":1},{""ar"":0,""deg"":1,""fc"":0,""h"":0,""ring"":0,""z"":1},{""ar"":0,""deg"":2,""fc"":0,""h"":0,""ring"":0,""z"":8}]"
64,segment2_24;segment4_46,6,0,1,SP2,3,0,1,1,"[""6:A:1"",""6:A:1"",""6:S:0""]","[""A"",""A"",""S""]",-0.07975,3.55,0.07,12.011,"[{""ar"":0,""deg"":4,""fc"":0,""h"":1,""ring"":0,""z"":6},{""ar"":1,""deg"":3,""fc"":0,""h"":1,""ring"":1,""z"":6},{""ar"":1,""deg"":3,""fc"":0,""h"":1,""ring"":1,""z"":6}]","[{""ar"":0,""deg"":1,""fc"":0,""h"":0,""ring"":0,""z"":1},{""ar"":0,""deg"":1,""fc"":0,""h"":0,""ring"":0,""z"":1},{""ar"":0,""deg"":1,""fc"":0,""h"":0,""ring"":0,""z"":1},{""ar"":0,""deg"":4,""fc"":0,""h"":2,""ring"":0,""z"":6},{""ar"":0,""deg"":4,""fc"":0,""h"":2,""ring"":0,""z"":6},{""ar"":1,""deg"":3,""fc"":0,""h"":1,""ring"":1,""z"":6},{""ar"":1,""deg"":3,""fc"":0,""h"":1,""ring"":1,""z"":6}]"
65,segment2_8,6,0,1,SP2,3,0,1,1,"[""6:A:1"",""6:A:1"",""6:S:0""]","[""A"",""A"",""S""]",-0.073,3.55,0.07,12.011,"[{""ar"":0,""deg"":4,""fc"":0,""h"":1,""ring"":0,""z"":6},{""ar"":1,""deg"":3,""fc"":0,""h"":1,""ring"":1,""z"":6},{""ar"":1,""deg"":3,""fc"":0,""h"":1,""ring"":1,""z"":6}]","[{""ar"":0,""deg"":1,""fc"":0,""h"":0,""ring"":0,""z"":1},{""ar"":0,""deg"":1,""fc"":0,""h"":0,""ring"":0,""z"":1},{""ar"":0,""deg"":1,""fc"":0,""h"":0,""ring"":0,""z"":1},{""ar"":0,""deg"":4,""fc"":0,""h"":2,""ring"":0,""z"":6},{""ar"":0,""deg"":4,""fc"":0,""h"":3,""ring"":0,""z"":6},{""ar"":1,""deg"":3,""fc"":0,""h"":1,""ring"":1,""z"":6},{""ar"":1,""deg"":3,""fc"":0,""h"":1,""ring"":1,""z"":6}]"
66,segment4_19,6,0,1,SP2,3,0,1,1,"[""6:A:1"",""6:A:1"",""6:S:0""]","[""A"",""A"",""S""]",-0.1142,3.55,0.07,12.011,"[{""ar"":0,""deg"":4,""fc"":0,""h"":1,""ring"":0,""z"":6},{""ar"":1,""deg"":3,""fc"":0,""h"":1,""ring"":1,""z"":6},{""ar"":1,""deg"":3,""fc"":0,""h"":1,""ring"":1,""z"":6}]","[{""ar"":0,""deg"":1,""fc"":0,""h"":0,""ring"":0,""z"":1},{""ar"":0,""deg"":1,""fc"":0,""h"":0,""ring"":0,""z"":1},{""ar"":0,""deg"":1,""fc"":0,""h"":0,""ring"":0,""z"":1},{""ar"":0,""deg"":4,""fc"":0,""h"":2,""ring"":0,""z"":6},{""ar"":1,""deg"":3,""fc"":0,""h"":1,""ring"":1,""z"":6},{""ar"":1,""deg"":3,""fc"":0,""h"":1,""ring"":1,""z"":6},{""ar"":1,""deg"":3,""fc"":0,""h"":0,""ring"":1,""z"":7}]"
67,segment4_65,6,0,1,SP2,3,0,1,1,"[""6:A:1"",""6:A:1"",""6:S:0""]","[""A"",""A"",""S""]",-0.0849,3.55,0.07,12.011,"[{""ar"":0,""deg"":4,""fc"":0,""h"":2,""ring"":0,""z"":6},{""ar"":1,""deg"":3,""fc"":0,""h"":1,""ring"":1,""z"":6},{""ar"":1,""deg"":3,""fc"":0,""h"":1,""ring"":1,""z"":6}]","[{""ar"":0,""deg"":1,""fc"":0,""h"":0,""ring"":0,""z"":1},{""ar"":0,""deg"":1,""fc"":0,""h"":0,""ring"":0,""z"":1},{""ar"":0,""deg"":1,""fc"":0,""h"":0,""ring"":0,""z"":1},{""ar"":0,""deg"":1,""fc"":0,""h"":0,""ring"":0,""z"":1},{""ar"":0,""deg"":4,""fc"":0,""h"":2,""ring"":0,""z"":6},{""ar"":1,""deg"":3,""fc"":0,""h"":1,""ring"":1,""z"":6},{""ar"":1,""deg"":3,""fc"":0,""h"":1,""ring"":1,""z"":6}]"
68,segment4_11,6,0,1,SP2,3,0,1,1,"[""6:A:1"",""6:S:0"",""7:A:1""]","[""A"",""A"",""S""]",-0.1733,3.55,0.07,12.011,"[{""ar"":0,""deg"":4,""fc"":0,""h"":2,""ring"":0,""z"":6},{""ar"":1,""deg"":3,""fc"":0,""h"":1,""ring"":1,""z"":6},{""ar"":1,""deg"":2,""fc"":0,""h"":0,""ring"":1,""z"":7}]","[{""ar"":0,""deg"":1,""fc"":0,""h"":0,""ring"":0,""z"":1},{""ar"":0,""deg"":1,""fc"":0,""h"":0,""ring"":0,""z"":1},{""ar"":0,""deg"":1,""fc"":0,""h"":0,""ring"":0,""z"":1},{""ar"":0,""deg"":4,""fc"":0,""h"":2,""ring"":0,""z"":6},{""ar"":1,""deg"":2,""fc"":0,""h"":0,""ring"":1,""z"":7},{""ar"":1,""deg"":3,""fc"":0,""h"":0,""ring"":1,""z"":7}]"
69,segment2_10;segment2_11;segment2_26;segment2_27;segment4_20;segment4_24;segment4_47;segment4_51,6,0,1,SP2,3,1,1,1,"[""1:S:0"",""6:A:1"",""6:A:1""]","[""A"",""A"",""S""]",-0.140525,3.55,0.07,12.011,"[{""ar"":0,""deg"":1,""fc"":0,""h"":0,""ring"":0,""z"":1},{""ar"":1,""deg"":3,""fc"":0,""h"":0,""ring"":1,""z"":6},{""ar"":1,""deg"":3,""fc"":0,""h"":1,""ring"":1,""z"":6}]","[{""ar"":0,""deg"":1,""fc"":0,""h"":0,""ring"":0,""z"":1},{""ar"":0,""deg"":4,""fc"":0,""h"":1,""ring"":0,""z"":6},{""ar"":1,""deg"":3,""fc"":0,""h"":1,""ring"":1,""z"":6},{""ar"":1,""deg"":3,""fc"":0,""h"":1,""ring"":1,""z"":6}]"
70,segment4_66;segment4_70,6,0,1,SP2,3,1,1,1,"[""1:S:0"",""6:A:1"",""6:A:1""]","[""A"",""A"",""S""]",-0.14805,3.55,0.07,12.011,"[{""ar"":0,""deg"":1,""fc"":0,""h"":0,""ring"":0,""z"":1},{""ar"":1,""deg"":3,""fc"":0,""h"":0,""ring"":1,""z"":6},{""ar"":1,""deg"":3,""fc"":0,""h"":1,""ring"":1,""z"":6}]","[{""ar"":0,""deg"":1,""fc"":0,""h"":0,""ring"":0,""z"":1},{""ar"":0,""deg"":4,""fc"":0,""h"":2,""ring"":0,""z"":6},{""ar"":1,""deg"":3,""fc"":0,""h"":1,""ring"":1,""z"":6},{""ar"":1,""deg"":3,""fc"":0,""h"":1,""ring"":1,""z"":6}]"
71,segment2_12;segment2_14;segment2_28;segment2_30;segment4_21;segment4_23;segment4_48;segment4_50;segment4_67;segment4_69,6,0,1,SP2,3,1,1,1,"[""1:S:0"",""6:A:1"",""6:A:1""]","[""A"",""A"",""S""]",-0.14939,3.55,0.07,12.011,"[{""ar"":0,""deg"":1,""fc"":0,""h"":0,""ring"":0,""z"":1},{""ar"":1,""deg"":3,""fc"":0,""h"":1,""ring"":1,""z"":6},{""ar"":1,""deg"":3,""fc"":0,""h"":1,""ring"":1,""z"":6}]","[{""ar"":0,""deg"":1,""fc"":0,""h"":0,""ring"":0,""z"":1},{""ar"":0,""deg"":1,""fc"":0,""h"":0,""ring"":0,""z"":1},{""ar"":1,""deg"":3,""fc"":0,""h"":0,""ring"":1,""z"":6},{""ar"":1,""deg"":3,""fc"":0,""h"":1,""ring"":1,""z"":6}]"
72,segment2_16;segment2_32;segment4_22;segment4_49;segment4_68,6,0,1,SP2,3,1,1,1,"[""1:S:0"",""6:A:1"",""6:A:1""]","[""A"",""A"",""S""]",-0.14632,3.55,0.07,12.011,"[{""ar"":0,""deg"":1,""fc"":0,""h"":0,""ring"":0,""z"":1},{""ar"":1,""deg"":3,""fc"":0,""h"":1,""ring"":1,""z"":6},{""ar"":1,""deg"":3,""fc"":0,""h"":1,""ring"":1,""z"":6}]","[{""ar"":0,""deg"":1,""fc"":0,""h"":0,""ring"":0,""z"":1},{""ar"":0,""deg"":1,""fc"":0,""h"":0,""ring"":0,""z"":1},{""ar"":1,""deg"":3,""fc"":0,""h"":1,""ring"":1,""z"":6},{""ar"":1,""deg"":3,""fc"":0,""h"":1,""ring"":1,""z"":6}]"
73,segment4_12,6,0,1,SP2,3,1,1,1,"[""1:S:0"",""6:A:1"",""7:A:1""]","[""A"",""A"",""S""]",-0.1516,3.55,0.07,12.011,"[{""ar"":0,""deg"":1,""fc"":0,""h"":0,""ring"":0,""z"":1},{""ar"":1,""deg"":3,""fc"":0,""h"":0,""ring"":1,""z"":6},{""ar"":1,""deg"":3,""fc"":0,""h"":0,""ring"":1,""z"":7}]","[{""ar"":0,""deg"":4,""fc"":0,""h"":1,""ring"":0,""z"":6},{""ar"":0,""deg"":4,""fc"":0,""h"":2,""ring"":0,""z"":6},{""ar"":1,""deg"":2,""fc"":0,""h"":0,""ring"":1,""z"":7},{""ar"":1,""deg"":2,""fc"":0,""h"":0,""ring"":1,""z"":7}]"
74,segment4_15,7,0,1,SP2,2,0,1,1,"[""6:A:1"",""7:A:1""]","[""A"",""A""]",-0.078,3.25,0.17,14.007,"[{""ar"":1,""deg"":3,""fc"":0,""h"":0,""ring"":1,""z"":6},{""ar"":1,""deg"":2,""fc"":0,""h"":0,""ring"":1,""z"":7}]","[{""ar"":0,""deg"":4,""fc"":0,""h"":2,""ring"":0,""z"":6},{""ar"":1,""deg"":3,""fc"":0,""h"":1,""ring"":1,""z"":6},{""ar"":1,""deg"":3,""fc"":0,""h"":0,""ring"":1,""z"":7}]"
75,segment4_14,7,0,1,SP2,2,0,1,1,"[""7:A:1"",""7:A:1""]","[""A"",""A""]",-0.1058,3.25,0.17,14.007,"[{""ar"":1,""deg"":2,""fc"":0,""h"":0,""ring"":1,""z"":7},{""ar"":1,""deg"":3,""fc"":0,""h"":0,""ring"":1,""z"":7}]","[{""ar"":0,""deg"":4,""fc"":0,""h"":1,""ring"":0,""z"":6},{""ar"":1,""deg"":3,""fc"":0,""h"":0,""ring"":1,""z"":6},{""ar"":1,""deg"":3,""fc"":0,""h"":1,""ring"":1,""z"":6}]"
76,segment4_13,7,0,1,SP2,3,0,1,1,"[""6:A:1"",""6:S:0"",""7:A:1""]","[""A"",""A"",""S""]",-0.1736,3.25,0.17,14.007,"[{""ar"":0,""deg"":4,""fc"":0,""h"":1,""ring"":0,""z"":6},{""ar"":1,""deg"":3,""fc"":0,""h"":1,""ring"":1,""z"":6},{""ar"":1,""deg"":2,""fc"":0,""h"":0,""ring"":1,""z"":7}]","[{""ar"":0,""deg"":1,""fc"":0,""h"":0,""ring"":0,""z"":1},{""ar"":0,""deg"":1,""fc"":0,""h"":0,""ring"":0,""z"":1},{""ar"":0,""deg"":4,""fc"":0,""h"":2,""ring"":0,""z"":6},{""ar"":1,""deg"":3,""fc"":0,""h"":0,""ring"":1,""z"":6},{""ar"":1,""deg"":3,""fc"":0,""h"":0,""ring"":1,""z"":6},{""ar"":1,""deg"":2,""fc"":0,""h"":0,""ring"":1,""z"":7}]"
77,segment2_38,8,0,0,SP2,1,0,0,0,"[""6:D:0""]","[""D""]",-0.4461,2.96,0.21,15.999,"[{""ar"":0,""deg"":3,""fc"":0,""h"":0,""ring"":0,""z"":6}]","[{""ar"":0,""deg"":4,""fc"":0,""h"":0,""ring"":0,""z"":6},{""ar"":0,""deg"":2,""fc"":0,""h"":0,""ring"":0,""z"":8}]"
78,segment4_16;segment4_44,8,0,0,SP2,1,0,0,0,"[""6:D:0""]","[""D""]",-0.44025,2.96,0.21,15.999,"[{""ar"":0,""deg"":3,""fc"":0,""h"":0,""ring"":0,""z"":6}]","[{""ar"":0,""deg"":4,""fc"":0,""h"":2,""ring"":0,""z"":6},{""ar"":0,""deg"":2,""fc"":0,""h"":0,""ring"":0,""z"":8}]"
79,segment2_39,8,0,0,SP2,2,0,0,0,"[""6:S:0"",""6:S:0""]","[""S"",""S""]",-0.3874,2.9,0.14,15.999,"[{""ar"":0,""deg"":3,""fc"":0,""h"":0,""ring"":0,""z"":6},{""ar"":0,""deg"":4,""fc"":0,""h"":2,""ring"":0,""z"":6}]","[{""ar"":0,""deg"":1,""fc"":0,""h"":0,""ring"":0,""z"":1},{""ar"":0,""deg"":1,""fc"":0,""h"":0,""ring"":0,""z"":1},{""ar"":0,""deg"":4,""fc"":0,""h"":0,""ring"":0,""z"":6},{""ar"":0,""deg"":4,""fc"":0,""h"":3,""ring"":0,""z"":6},{""ar"":0,""deg"":1,""fc"":0,""h"":0,""ring"":0,""z"":8}]"
80,segment4_7,8,0,0,SP2,2,0,0,0,"[""6:S:0"",""6:S:0""]","[""S"",""S""]",-0.3768,2.9,0.14,15.999,"[{""ar"":0,""deg"":3,""fc"":0,""h"":0,""ring"":0,""z"":6},{""ar"":0,""deg"":4,""fc"":0,""h"":2,""ring"":0,""z"":6}]","[{""ar"":0,""deg"":1,""fc"":0,""h"":0,""ring"":0,""z"":1},{""ar"":0,""deg"":1,""fc"":0,""h"":0,""ring"":0,""z"":1},{""ar"":0,""deg"":4,""fc"":0,""h"":2,""ring"":0,""z"":6},{""ar"":0,""deg"":4,""fc"":0,""h"":2,""ring"":0,""z"":6},{""ar"":0,""deg"":1,""fc"":0,""h"":0,""ring"":0,""z"":8}]"
81,segment4_2,8,0,0,SP2,2,0,0,0,"[""6:S:0"",""6:S:0""]","[""S"",""S""]",-0.3821,2.9,0.14,15.999,"[{""ar"":0,""deg"":3,""fc"":0,""h"":0,""ring"":0,""z"":6},{""ar"":0,""deg"":4,""fc"":0,""h"":2,""ring"":0,""z"":6}]","[{""ar"":0,""deg"":1,""fc"":0,""h"":0,""ring"":0,""z"":1},{""ar"":0,""deg"":1,""fc"":0,""h"":0,""ring"":0,""z"":1},{""ar"":0,""deg"":4,""fc"":0,""h"":2,""ring"":0,""z"":6},{""ar"":0,""deg"":4,""fc"":0,""h"":3,""ring"":0,""z"":6},{""ar"":0,""deg"":1,""fc"":0,""h"":0,""ring"":0,""z"":8}]"
82,segment1_13,8,0,0,SP3,1,1,0,0,"[""6:S:0""]","[""S""]",-0.4385,2.96,0.21,15.999,"[{""ar"":0,""deg"":3,""fc"":0,""h"":1,""ring"":0,""z"":6}]","[{""ar"":0,""deg"":4,""fc"":0,""h"":2,""ring"":0,""z"":6},{""ar"":0,""deg"":2,""fc"":0,""h"":0,""ring"":0,""z"":8}]"
83,segment1_5,8,0,0,SP3,1,1,0,0,"[""6:S:0""]","[""S""]",-0.425,2.96,0.21,15.999,"[{""ar"":0,""deg"":3,""fc"":0,""h"":1,""ring"":0,""z"":6}]","[{""ar"":0,""deg"":4,""fc"":0,""h"":2,""ring"":0,""z"":6},{""ar"":0,""deg"":2,""fc"":0,""h"":1,""ring"":0,""z"":8}]"
84,segment1_73,8,0,0,SP3,2,0,0,0,"[""14:S:0"",""14:S:0""]","[""S"",""S""]",-1.0861,2.9,0.14,15.999,"[{""ar"":0,""deg"":4,""fc"":0,""h"":0,""ring"":0,""z"":14},{""ar"":0,""deg"":4,""fc"":0,""h"":0,""ring"":0,""z"":14}]","[{""ar"":0,""deg"":4,""fc"":0,""h"":2,""ring"":0,""z"":6},{""ar"":0,""deg"":4,""fc"":0,""h"":3,""ring"":0,""z"":6},{""ar"":0,""deg"":4,""fc"":0,""h"":3,""ring"":0,""z"":6},{""ar"":0,""deg"":4,""fc"":0,""h"":3,""ring"":0,""z"":6},{""ar"":0,""deg"":4,""fc"":0,""h"":3,""ring"":0,""z"":6},{""ar"":0,""deg"":2,""fc"":0,""h"":0,""ring"":0,""z"":8}]"
85,segment1_83;segment3_46,8,0,0,SP3,2,0,0,0,"[""14:S:0"",""14:S:0""]","[""S"",""S""]",-1.086,2.9,0.14,15.999,"[{""ar"":0,""deg"":4,""fc"":0,""h"":0,""ring"":0,""z"":14},{""ar"":0,""deg"":4,""fc"":0,""h"":0,""ring"":0,""z"":14}]","[{""ar"":0,""deg"":4,""fc"":0,""h"":3,""ring"":0,""z"":6},{""ar"":0,""deg"":4,""fc"":0,""h"":3,""ring"":0,""z"":6},{""ar"":0,""deg"":4,""fc"":0,""h"":3,""ring"":0,""z"":6},{""ar"":0,""deg"":4,""fc"":0,""h"":3,""ring"":0,""z"":6},{""ar"":0,""deg"":4,""fc"":0,""h"":3,""ring"":0,""z"":6},{""ar"":0,""deg"":2,""fc"":0,""h"":0,""ring"":0,""z"":8}]"
86,segment3_16;segment3_26;segment3_36,8,0,0,SP3,2,0,0,0,"[""14:S:0"",""14:S:0""]","[""S"",""S""]",-1.096633,2.9,0.14,15.999,"[{""ar"":0,""deg"":4,""fc"":0,""h"":0,""ring"":0,""z"":14},{""ar"":0,""deg"":4,""fc"":0,""h"":0,""ring"":0,""z"":14}]","[{""ar"":0,""deg"":4,""fc"":0,""h"":3,""ring"":0,""z"":6},{""ar"":0,""deg"":4,""fc"":0,""h"":3,""ring"":0,""z"":6},{""ar"":0,""deg"":4,""fc"":0,""h"":3,""ring"":0,""z"":6},{""ar"":0,""deg"":4,""fc"":0,""h"":3,""ring"":0,""z"":6},{""ar"":0,""deg"":2,""fc"":0,""h"":0,""ring"":0,""z"":8},{""ar"":0,""deg"":2,""fc"":0,""h"":0,""ring"":0,""z"":8}]"
87,segment3_6,8,0,0,SP3,2,0,0,0,"[""14:S:0"",""14:S:0""]","[""S"",""S""]",-1.1273,2.9,0.14,15.999,"[{""ar"":0,""deg"":4,""fc"":0,""h"":0,""ring"":0,""z"":14},{""ar"":0,""deg"":4,""fc"":0,""h"":0,""ring"":0,""z"":14}]","[{""ar"":0,""deg"":4,""fc"":0,""h"":3,""ring"":0,""z"":6},{""ar"":0,""deg"":4,""fc"":0,""h"":3,""ring"":0,""z"":6},{""ar"":0,""deg"":4,""fc"":0,""h"":3,""ring"":0,""z"":6},{""ar"":0,""deg"":4,""fc"":0,""h"":3,""ring"":0,""z"":6},{""ar"":0,""deg"":2,""fc"":0,""h"":0,""ring"":0,""z"":8},{""ar"":0,""deg"":2,""fc"":0,""h"":1,""ring"":0,""z"":8}]"
88,segment1_12,8,0,0,SP3,2,0,0,0,"[""6:S:0"",""6:S:0""]","[""S"",""S""]",-0.3824,2.9,0.14,15.999,"[{""ar"":0,""deg"":3,""fc"":0,""h"":1,""ring"":0,""z"":6},{""ar"":0,""deg"":4,""fc"":0,""h"":2,""ring"":0,""z"":6}]","[{""ar"":0,""deg"":1,""fc"":0,""h"":0,""ring"":0,""z"":1},{""ar"":0,""deg"":1,""fc"":0,""h"":0,""ring"":0,""z"":1},{""ar"":0,""deg"":4,""fc"":0,""h"":2,""ring"":0,""z"":6},{""ar"":0,""deg"":4,""fc"":0,""h"":2,""ring"":0,""z"":6},{""ar"":0,""deg"":1,""fc"":0,""h"":1,""ring"":0,""z"":8}]"
89,segment1_21;segment1_22;segment1_23;segment1_48;segment1_50;segment1_52,8,0,0,SP3,2,0,1,2,"[""14:S:0"",""14:S:0""]","[""S"",""S""]",-1.14155,2.9,0.14,15.999,"[{""ar"":0,""deg"":4,""fc"":0,""h"":0,""ring"":1,""z"":14},{""ar"":0,""deg"":4,""fc"":0,""h"":0,""ring"":1,""z"":14}]","[{""ar"":0,""deg"":4,""fc"":0,""h"":2,""ring"":0,""z"":6},{""ar"":0,""deg"":4,""fc"":0,""h"":3,""ring"":0,""z"":6},{""ar"":0,""deg"":2,""fc"":0,""h"":0,""ring"":1,""z"":8},{""ar"":0,""deg"":2,""fc"":0,""h"":0,""ring"":1,""z"":8},{""ar"":0,""deg"":2,""fc"":0,""h"":0,""ring"":1,""z"":8},{""ar"":0,""deg"":2,""fc"":0,""h"":0,""ring"":1,""z"":8}]"
90,segment1_27;segment1_28;segment1_30;segment1_31;segment1_33;segment1_34,8,0,0,SP3,2,0,1,2,"[""14:S:0"",""14:S:0""]","[""S"",""S""]",-1.140317,2.9,0.14,15.999,"[{""ar"":0,""deg"":4,""fc"":0,""h"":0,""ring"":1,""z"":14},{""ar"":0,""deg"":4,""fc"":0,""h"":0,""ring"":1,""z"":14}]","[{""ar"":0,""deg"":4,""fc"":0,""h"":3,""ring"":0,""z"":6},{""ar"":0,""deg"":4,""fc"":0,""h"":3,""ring"":0,""z"":6},{""ar"":0,""deg"":2,""fc"":0,""h"":0,""ring"":1,""z"":8},{""ar"":0,""deg"":2,""fc"":0,""h"":0,""ring"":1,""z"":8},{""ar"":0,""deg"":2,""fc"":0,""h"":0,""ring"":1,""z"":8},{""ar"":0,""deg"":2,""fc"":0,""h"":0,""ring"":1,""z"":8}]"
91,segment3_2,8,0,0,SP3,2,1,0,0,"[""14:S:0"",""1:S:0""]","[""S"",""S""]",-0.9533,3.12,0.17,15.999,"[{""ar"":0,""deg"":1,""fc"":0,""h"":0,""ring"":0,""z"":1},{""ar"":0,""deg"":4,""fc"":0,""h"":0,""ring"":0,""z"":14}]","[{""ar"":0,""deg"":4,""fc"":0,""h"":3,""ring"":0,""z"":6},{""ar"":0,""deg"":4,""fc"":0,""h"":3,""ring"":0,""z"":6},{""ar"":0,""deg"":2,""fc"":0,""h"":0,""ring"":0,""z"":8}]"
92,segment1_2,8,0,0,SP3,2,1,0,0,"[""1:S:0"",""6:S:0""]","[""S"",""S""]",-0.5658,3.12,0.17,15.999,"[{""ar"":0,""deg"":1,""fc"":0,""h"":0,""ring"":0,""z"":1},{""ar"":0,""deg"":3,""fc"":0,""h"":1,""ring"":0,""z"":6}]","[{""ar"":0,""deg"":4,""fc"":0,""h"":2,""ring"":0,""z"":6},{""ar"":0,""deg"":1,""fc"":0,""h"":1,""ring"":0,""z"":8}]"
