interaction_kind,key_type_tuple,coeff_param_sets
bond,"[[1,2,3,4,5,6,7,8,9,10,11,12,13,14,15,16,17,18,19],[36,37,38]]","[[""340.0000"",""1.0900""]]"
bond,"[[1,2,3,4,5,6,7,8,9,10,11,12,13,14,15,16,17,18,19],[39]]","[[""340.0000"",""1.0900""]]"
bond,"[[1,2,3,4,5,6,7,8,9,10,11,12,13,14,15,16,17,18,19],[40,41,42]]","[[""340.0000"",""1.0900""]]"
bond,"[[1,2,3,4,5,6,7,8,9,10,11,12,13,14,15,16,17,18,19],[43,44,45,46,47,48,49,50]]","[[""340.0000"",""1.0900""]]"
bond,"[[1,2,3,4,5,6,7,8,9,10,11,12,13,14,15,16,17,18,19],[51,52]]","[[""340.0000"",""1.0900""]]"
bond,"[[1,2,3,4,5,6,7,8,9,10,11,12,13,14,15,16,17,18,19],[53,54,55]]","[[""340.0000"",""1.0900""]]"
bond,"[[1,2,3,4,5,6,7,8,9,10,11,12,13,14,15,16,17,18,19],[56,57,58,59,60]]","[[""340.0000"",""1.0900""]]"
bond,"[[1,2,3,4,5,6,7,8,9,10,11,12,13,14,15,16,17,18,19],[61,62,63]]","[[""340.0000"",""1.0900""]]"
bond,"[[20,21,22],[69,70,71,72]]","[[""367.0000"",""1.0800""]]"
bond,"[[20,21,22],[73]]","[[""367.0000"",""1.0800""]]"
bond,"[[23,24],[91]]","[[""553.0000"",""0.9450""]]"
bond,"[[23,24],[92]]","[[""553.0000"",""0.9450""]]"
bond,"[[25,26],[40,41,42]]","[[""187.0000"",""1.8600""]]"
bond,"[[25,26],[56,57,58,59,60]]","[[""187.0000"",""1.8600""]]"
bond,"[[25,26],[84,85,86,87]]","[[""374.0000"",""1.6400""]]"
bond,"[[27,28],[56,57,58,59,60]]","[[""187.0000"",""1.8600""]]"
bond,"[[27,28],[84,85,86,87]]","[[""374.0000"",""1.6400""]]"
bond,"[[27,28],[91]]","[[""374.0000"",""1.6400""]]"
bond,"[[29,30],[40,41,42]]","[[""187.0000"",""1.8600""]]"
bond,"[[29,30],[56,57,58,59,60]]","[[""187.0000"",""1.8600""]]"
bond,"[[29,30],[89,90]]","[[""374.0000"",""1.6400""]]"
bond,"[[31,32],[35]]","[[""317.0000"",""1.5220""]]"
bond,"[[31,32],[43,44,45,46,47,48,49,50]]","[[""317.0000"",""1.5220""]]"
bond,"[[31,32],[77,78]]","[[""570.0000"",""1.2290""]]"
bond,"[[31,32],[79,80,81]]","[[""214.0000"",""1.3270""]]"
bond,"[[33,34],[43,44,45,46,47,48,49,50]]","[[""317.0000"",""1.5220""]]"
bond,"[[33,34],[82,83]]","[[""570.0000"",""1.2290""]]"
bond,"[[33,34],[88]]","[[""214.0000"",""1.3270""]]"
bond,"[[33,34],[92]]","[[""450.0000"",""1.3640""]]"
bond,"[[35],[43,44,45,46,47,48,49,50]]","[[""268.0000"",""1.5290""]]"
bond,"[[35],[61,62,63]]","[[""268.0000"",""1.5290""]]"
bond,"[[36,37,38],[43,44,45,46,47,48,49,50]]","[[""268.0000"",""1.5290""]]"
bond,"[[36,37,38],[61,62,63]]","[[""268.0000"",""1.5290""]]"
bond,"[[36,37,38],[64,65,66,67]]","[[""317.0000"",""1.5100""]]"
bond,"[[39],[43,44,45,46,47,48,49,50]]","[[""268.0000"",""1.5290""]]"
bond,"[[39],[64,65,66,67]]","[[""317.0000"",""1.5100""]]"
bond,"[[39],[76]]","[[""337.0000"",""1.4750""]]"
bond,"[[40,41,42],[40,41,42]]","[[""268.0000"",""1.5290""]]"
bond,"[[40,41,42],[53,54,55]]","[[""268.0000"",""1.5290""]]"
bond,"[[43,44,45,46,47,48,49,50],[43,44,45,46,47,48,49,50]]","[[""268.0000"",""1.5290""]]"
bond,"[[43,44,45,46,47,48,49,50],[51,52]]","[[""268.0000"",""1.5290""]]"
bond,"[[43,44,45,46,47,48,49,50],[53,54,55]]","[[""268.0000"",""1.5290""]]"
bond,"[[51,52],[64,65,66,67]]","[[""317.0000"",""1.5100""]]"
bond,"[[51,52],[68]]","[[""317.0000"",""1.5040""]]"
bond,"[[53,54,55],[61,62,63]]","[[""268.0000"",""1.5290""]]"
bond,"[[53,54,55],[79,80,81]]","[[""320.0000"",""1.4100""]]"
bond,"[[53,54,55],[88]]","[[""320.0000"",""1.4100""]]"
bond,"[[64,65,66,67],[69,70,71,72]]","[[""469.0000"",""1.4000""]]"
bond,"[[68],[73]]","[[""520.0000"",""1.3700""]]"
bond,"[[68],[74]]","[[""410.0000"",""1.3940""]]"
bond,"[[69,70,71,72],[69,70,71,72]]","[[""469.0000"",""1.4000""]]"
bond,"[[73],[76]]","[[""427.0000"",""1.3810""]]"
bond,"[[74],[75]]","[[""400.0000"",""1.2800""]]"
bond,"[[75],[76]]","[[""400.0000"",""1.3490""]]"
angle,"[[1,2,3,4,5,6,7,8,9,10,11,12,13,14,15,16,17,18,19],[36,37,38],[43,44,45,46,47,48,49,50]]","[[""37.500"",""110.700""]]"
angle,"[[1,2,3,4,5,6,7,8,9,10,11,12,13,14,15,16,17,18,19],[36,37,38],[61,62,63]]","[[""37.500"",""110.700""]]"
angle,"[[1,2,3,4,5,6,7,8,9,10,11,12,13,14,15,16,17,18,19],[36,37,38],[64,65,66,67]]","[[""35.000"",""109.500""]]"
angle,"[[1,2,3,4,5,6,7,8,9,10,11,12,13,14,15,16,17,18,19],[39],[43,44,45,46,47,48,49,50]]","[[""37.500"",""110.700""]]"
angle,"[[1,2,3,4,5,6,7,8,9,10,11,12,13,14,15,16,17,18,19],[39],[64,65,66,67]]","[[""35.000"",""109.500""]]"
angle,"[[1,2,3,4,5,6,7,8,9,10,11,12,13,14,15,16,17,18,19],[39],[76]]","[[""35.000"",""109.500""]]"
angle,"[[1,2,3,4,5,6,7,8,9,10,11,12,13,14,15,16,17,18,19],[40,41,42],[1,2,3,4,5,6,7,8,9,10,11,12,13,14,15,16,17,18,19]]","[[""33.000"",""107.800""]]"
angle,"[[1,2,3,4,5,6,7,8,9,10,11,12,13,14,15,16,17,18,19],[40,41,42],[25,26]]","[[""35.000"",""109.500""]]"
angle,"[[1,2,3,4,5,6,7,8,9,10,11,12,13,14,15,16,17,18,19],[40,41,42],[29,30]]","[[""35.000"",""109.500""]]"
angle,"[[1,2,3,4,5,6,7,8,9,10,11,12,13,14,15,16,17,18,19],[40,41,42],[40,41,42]]","[[""37.500"",""110.700""]]"
angle,"[[1,2,3,4,5,6,7,8,9,10,11,12,13,14,15,16,17,18,19],[40,41,42],[53,54,55]]","[[""37.500"",""110.700""]]"
angle,"[[1,2,3,4,5,6,7,8,9,10,11,12,13,14,15,16,17,18,19],[43,44,45,46,47,48,49,50],[1,2,3,4,5,6,7,8,9,10,11,12,13,14,15,16,17,18,19]]","[[""33.000"",""107.800""]]"
angle,"[[1,2,3,4,5,6,7,8,9,10,11,12,13,14,15,16,17,18,19],[43,44,45,46,47,48,49,50],[31,32]]","[[""35.000"",""109.500""]]"
angle,"[[1,2,3,4,5,6,7,8,9,10,11,12,13,14,15,16,17,18,19],[43,44,45,46,47,48,49,50],[33,34]]","[[""35.000"",""109.500""]]"
angle,"[[1,2,3,4,5,6,7,8,9,10,11,12,13,14,15,16,17,18,19],[43,44,45,46,47,48,49,50],[35]]","[[""37.500"",""110.700""]]"
angle,"[[1,2,3,4,5,6,7,8,9,10,11,12,13,14,15,16,17,18,19],[43,44,45,46,47,48,49,50],[36,37,38]]","[[""37.500"",""110.700""]]"
angle,"[[1,2,3,4,5,6,7,8,9,10,11,12,13,14,15,16,17,18,19],[43,44,45,46,47,48,49,50],[39]]","[[""37.500"",""110.700""]]"
angle,"[[1,2,3,4,5,6,7,8,9,10,11,12,13,14,15,16,17,18,19],[43,44,45,46,47,48,49,50],[43,44,45,46,47,48,49,50]]","[[""37.500"",""110.700""]]"
angle,"[[1,2,3,4,5,6,7,8,9,10,11,12,13,14,15,16,17,18,19],[43,44,45,46,47,48,49,50],[51,52]]","[[""37.500"",""110.700""]]"
angle,"[[1,2,3,4,5,6,7,8,9,10,11,12,13,14,15,16,17,18,19],[43,44,45,46,47,48,49,50],[53,54,55]]","[[""37.500"",""110.700""]]"
angle,"[[1,2,3,4,5,6,7,8,9,10,11,12,13,14,15,16,17,18,19],[51,52],[1,2,3,4,5,6,7,8,9,10,11,12,13,14,15,16,17,18,19]]","[[""33.000"",""107.800""]]"
angle,"[[1,2,3,4,5,6,7,8,9,10,11,12,13,14,15,16,17,18,19],[51,52],[43,44,45,46,47,48,49,50]]","[[""37.500"",""110.700""]]"
angle,"[[1,2,3,4,5,6,7,8,9,10,11,12,13,14,15,16,17,18,19],[51,52],[64,65,66,67]]","[[""35.000"",""109.500""]]"
angle,"[[1,2,3,4,5,6,7,8,9,10,11,12,13,14,15,16,17,18,19],[51,52],[68]]","[[""35.000"",""109.500""]]"
angle,"[[1,2,3,4,5,6,7,8,9,10,11,12,13,14,15,16,17,18,19],[53,54,55],[1,2,3,4,5,6,7,8,9,10,11,12,13,14,15,16,17,18,19]]","[[""33.000"",""107.800""]]"
angle,"[[1,2,3,4,5,6,7,8,9,10,11,12,13,14,15,16,17,18,19],[53,54,55],[40,41,42]]","[[""37.500"",""110.700""]]"
angle,"[[1,2,3,4,5,6,7,8,9,10,11,12,13,14,15,16,17,18,19],[53,54,55],[43,44,45,46,47,48,49,50]]","[[""37.500"",""110.700""]]"
angle,"[[1,2,3,4,5,6,7,8,9,10,11,12,13,14,15,16,17,18,19],[53,54,55],[61,62,63]]","[[""37.500"",""110.700""]]"
angle,"[[1,2,3,4,5,6,7,8,9,10,11,12,13,14,15,16,17,18,19],[53,54,55],[79,80,81]]","[[""35.000"",""109.500""]]"
angle,"[[1,2,3,4,5,6,7,8,9,10,11,12,13,14,15,16,17,18,19],[53,54,55],[88]]","[[""35.000"",""109.500""]]"
angle,"[[1,2,3,4,5,6,7,8,9,10,11,12,13,14,15,16,17,18,19],[56,57,58,59,60],[1,2,3,4,5,6,7,8,9,10,11,12,13,14,15,16,17,18,19]]","[[""33.000"",""107.800""]]"
angle,"[[1,2,3,4,5,6,7,8,9,10,11,12,13,14,15,16,17,18,19],[56,57,58,59,60],[25,26]]","[[""35.000"",""109.500""]]"
angle,"[[1,2,3,4,5,6,7,8,9,10,11,12,13,14,15,16,17,18,19],[56,57,58,59,60],[27,28]]","[[""35.000"",""109.500""]]"
angle,"[[1,2,3,4,5,6,7,8,9,10,11,12,13,14,15,16,17,18,19],[56,57,58,59,60],[29,30]]","[[""35.000"",""109.500""]]"
angle,"[[1,2,3,4,5,6,7,8,9,10,11,12,13,14,15,16,17,18,19],[61,62,63],[1,2,3,4,5,6,7,8,9,10,11,12,13,14,15,16,17,18,19]]","[[""33.000"",""107.800""]]"
angle,"[[1,2,3,4,5,6,7,8,9,10,11,12,13,14,15,16,17,18,19],[61,62,63],[35]]","[[""37.500"",""110.700""]]"
angle,"[[1,2,3,4,5,6,7,8,9,10,11,12,13,14,15,16,17,18,19],[61,62,63],[36,37,38]]","[[""37.500"",""110.700""]]"
angle,"[[1,2,3,4,5,6,7,8,9,10,11,12,13,14,15,16,17,18,19],[61,62,63],[53,54,55]]","[[""37.500"",""110.700""]]"
angle,"[[20,21,22],[69,70,71,72],[64,65,66,67]]","[[""35.000"",""120.000""]]"
angle,"[[20,21,22],[69,70,71,72],[69,70,71,72]]","[[""35.000"",""120.000""]]"
angle,"[[20,21,22],[73],[68]]","[[""35.000"",""130.700""]]"
angle,"[[20,21,22],[73],[76]]","[[""35.000"",""121.600""]]"
angle,"[[23,24],[91],[27,28]]","[[""46.650"",""110.930""]]"
angle,"[[23,24],[92],[33,34]]","[[""35.000"",""113.000""]]"
angle,"[[25,26],[40,41,42],[40,41,42]]","[[""60.000"",""112.000""]]"
angle,"[[25,26],[84,85,86,87],[27,28]]","[[""20.000"",""145.000""]]"
angle,"[[27,28],[84,85,86,87],[27,28]]","[[""20.000"",""145.000""]]"
angle,"[[29,30],[40,41,42],[40,41,42]]","[[""60.000"",""112.000""]]"
angle,"[[29,30],[40,41,42],[53,54,55]]","[[""60.000"",""112.000""]]"
angle,"[[29,30],[89,90],[29,30]]","[[""20.000"",""145.000""]]"
angle,"[[31,32],[35],[43,44,45,46,47,48,49,50]]","[[""63.000"",""111.100""]]"
angle,"[[31,32],[35],[61,62,63]]","[[""63.000"",""111.100""]]"
angle,"[[31,32],[43,44,45,46,47,48,49,50],[43,44,45,46,47,48,49,50]]","[[""63.000"",""111.100""]]"
angle,"[[31,32],[79,80,81],[53,54,55]]","[[""83.000"",""116.900""]]"
angle,"[[33,34],[43,44,45,46,47,48,49,50],[43,44,45,46,47,48,49,50]]","[[""63.000"",""111.100""]]"
angle,"[[33,34],[88],[53,54,55]]","[[""83.000"",""116.900""]]"
angle,"[[35],[31,32],[77,78]]","[[""80.000"",""120.400""]]"
angle,"[[35],[31,32],[79,80,81]]","[[""81.000"",""111.400""]]"
angle,"[[35],[43,44,45,46,47,48,49,50],[36,37,38]]","[[""58.350"",""112.700""]]"
angle,"[[36,37,38],[43,44,45,46,47,48,49,50],[36,37,38]]","[[""58.350"",""112.700""]]"
angle,"[[36,37,38],[43,44,45,46,47,48,49,50],[39]]","[[""58.350"",""112.700""]]"
angle,"[[36,37,38],[43,44,45,46,47,48,49,50],[51,52]]","[[""58.350"",""112.700""]]"
angle,"[[36,37,38],[64,65,66,67],[69,70,71,72]]","[[""70.000"",""120.000""]]"
angle,"[[39],[64,65,66,67],[69,70,71,72]]","[[""70.000"",""120.000""]]"
angle,"[[39],[76],[73]]","[[""63.000"",""112.400""]]"
angle,"[[39],[76],[75]]","[[""70.000"",""118.400""]]"
angle,"[[40,41,42],[25,26],[56,57,58,59,60]]","[[""60.000"",""110.000""]]"
angle,"[[40,41,42],[25,26],[84,85,86,87]]","[[""60.000"",""100.000""]]"
angle,"[[40,41,42],[29,30],[89,90]]","[[""60.000"",""100.000""]]"
angle,"[[40,41,42],[53,54,55],[88]]","[[""50.000"",""109.500""]]"
angle,"[[43,44,45,46,47,48,49,50],[31,32],[77,78]]","[[""80.000"",""120.400""]]"
angle,"[[43,44,45,46,47,48,49,50],[31,32],[79,80,81]]","[[""81.000"",""111.400""]]"
angle,"[[43,44,45,46,47,48,49,50],[33,34],[82,83]]","[[""80.000"",""120.400""]]"
angle,"[[43,44,45,46,47,48,49,50],[33,34],[88]]","[[""81.000"",""111.400""]]"
angle,"[[43,44,45,46,47,48,49,50],[33,34],[92]]","[[""70.000"",""108.000""]]"
angle,"[[43,44,45,46,47,48,49,50],[35],[61,62,63]]","[[""58.350"",""112.700""]]"
angle,"[[43,44,45,46,47,48,49,50],[36,37,38],[43,44,45,46,47,48,49,50]]","[[""58.350"",""112.700""]]"
angle,"[[43,44,45,46,47,48,49,50],[36,37,38],[61,62,63]]","[[""58.350"",""112.700""]]"
angle,"[[43,44,45,46,47,48,49,50],[36,37,38],[64,65,66,67]]","[[""63.000"",""114.000""]]"
angle,"[[43,44,45,46,47,48,49,50],[39],[64,65,66,67]]","[[""63.000"",""114.000""]]"
angle,"[[43,44,45,46,47,48,49,50],[39],[76]]","[[""51.650"",""110.580""]]"
angle,"[[43,44,45,46,47,48,49,50],[51,52],[64,65,66,67]]","[[""63.000"",""114.000""]]"
angle,"[[43,44,45,46,47,48,49,50],[51,52],[68]]","[[""63.000"",""114.000""]]"
angle,"[[43,44,45,46,47,48,49,50],[53,54,55],[79,80,81]]","[[""50.000"",""109.500""]]"
angle,"[[51,52],[43,44,45,46,47,48,49,50],[53,54,55]]","[[""58.350"",""112.700""]]"
angle,"[[51,52],[64,65,66,67],[69,70,71,72]]","[[""70.000"",""120.000""]]"
angle,"[[51,52],[68],[73]]","[[""70.000"",""130.700""]]"
angle,"[[51,52],[68],[74]]","[[""70.000"",""124.500""]]"
angle,"[[56,57,58,59,60],[25,26],[56,57,58,59,60]]","[[""60.000"",""110.000""]]"
angle,"[[56,57,58,59,60],[25,26],[84,85,86,87]]","[[""60.000"",""100.000""]]"
angle,"[[56,57,58,59,60],[27,28],[56,57,58,59,60]]","[[""60.000"",""110.000""]]"
angle,"[[56,57,58,59,60],[27,28],[84,85,86,87]]","[[""60.000"",""100.000""]]"
angle,"[[56,57,58,59,60],[27,28],[91]]","[[""42.500"",""109.500""]]"
angle,"[[56,57,58,59,60],[29,30],[89,90]]","[[""60.000"",""100.000""]]"
angle,"[[61,62,63],[35],[61,62,63]]","[[""58.350"",""112.700""]]"
angle,"[[61,62,63],[36,37,38],[64,65,66,67]]","[[""63.000"",""114.000""]]"
angle,"[[61,62,63],[53,54,55],[79,80,81]]","[[""50.000"",""109.500""]]"
angle,"[[64,65,66,67],[39],[76]]","[[""80.000"",""111.200""]]"
angle,"[[64,65,66,67],[69,70,71,72],[69,70,71,72]]","[[""63.000"",""120.000""]]"
angle,"[[68],[73],[76]]","[[""70.000"",""106.300""]]"
angle,"[[68],[74],[75]]","[[""70.000"",""117.000""]]"
angle,"[[69,70,71,72],[64,65,66,67],[69,70,71,72]]","[[""63.000"",""120.000""]]"
angle,"[[69,70,71,72],[69,70,71,72],[69,70,71,72]]","[[""63.000"",""120.000""]]"
angle,"[[73],[68],[74]]","[[""70.000"",""111.000""]]"
angle,"[[73],[76],[75]]","[[""56.000"",""113.100""]]"
angle,"[[74],[75],[76]]","[[""59.410"",""111.360""]]"
angle,"[[77,78],[31,32],[79,80,81]]","[[""83.000"",""123.400""]]"
angle,"[[82,83],[33,34],[88]]","[[""83.000"",""123.400""]]"
angle,"[[82,83],[33,34],[92]]","[[""80.000"",""121.000""]]"
angle,"[[84,85,86,87],[27,28],[84,85,86,87]]","[[""60.000"",""110.000""]]"
angle,"[[84,85,86,87],[27,28],[91]]","[[""42.500"",""109.500""]]"
angle,"[[89,90],[29,30],[89,90]]","[[""60.000"",""110.000""]]"
dihedral,"[[1,2,3,4,5,6,7,8,9,10,11,12,13,14,15,16,17,18,19],[36,37,38],[43,44,45,46,47,48,49,50],[1,2,3,4,5,6,7,8,9,10,11,12,13,14,15,16,17,18,19]]","[[""0.000"",""0.000"",""0.300"",""0.000""]]"
dihedral,"[[1,2,3,4,5,6,7,8,9,10,11,12,13,14,15,16,17,18,19],[36,37,38],[43,44,45,46,47,48,49,50],[35]]","[[""0.000"",""0.000"",""0.300"",""0.000""]]"
dihedral,"[[1,2,3,4,5,6,7,8,9,10,11,12,13,14,15,16,17,18,19],[36,37,38],[43,44,45,46,47,48,49,50],[36,37,38]]","[[""0.000"",""0.000"",""0.300"",""0.000""]]"
dihedral,"[[1,2,3,4,5,6,7,8,9,10,11,12,13,14,15,16,17,18,19],[36,37,38],[43,44,45,46,47,48,49,50],[39]]","[[""0.000"",""0.000"",""0.300"",""0.000""]]"
dihedral,"[[1,2,3,4,5,6,7,8,9,10,11,12,13,14,15,16,17,18,19],[36,37,38],[43,44,45,46,47,48,49,50],[51,52]]","[[""0.000"",""0.000"",""0.300"",""0.000""]]"
dihedral,"[[1,2,3,4,5,6,7,8,9,10,11,12,13,14,15,16,17,18,19],[36,37,38],[61,62,63],[1,2,3,4,5,6,7,8,9,10,11,12,13,14,15,16,17,18,19]]","[[""0.000"",""0.000"",""0.300"",""0.000""]]"
dihedral,"[[1,2,3,4,5,6,7,8,9,10,11,12,13,14,15,16,17,18,19],[36,37,38],[64,65,66,67],[69,70,71,72]]","[[""0.000"",""0.000"",""0.000"",""0.000""]]"
dihedral,"[[1,2,3,4,5,6,7,8,9,10,11,12,13,14,15,16,17,18,19],[39],[43,44,45,46,47,48,49,50],[1,2,3,4,5,6,7,8,9,10,11,12,13,14,15,16,17,18,19]]","[[""0.000"",""0.000"",""0.300"",""0.000""]]"
dihedral,"[[1,2,3,4,5,6,7,8,9,10,11,12,13,14,15,16,17,18,19],[39],[43,44,45,46,47,48,49,50],[36,37,38]]","[[""0.000"",""0.000"",""0.300"",""0.000""]]"
dihedral,"[[1,2,3,4,5,6,7,8,9,10,11,12,13,14,15,16,17,18,19],[39],[64,65,66,67],[69,70,71,72]]","[[""0.000"",""0.000"",""0.000"",""0.000""]]"
dihedral,"[[1,2,3,4,5,6,7,8,9,10,11,12,13,14,15,16,17,18,19],[39],[76],[73]]","[[""0.000"",""0.000"",""0.000"",""0.000""]]"
dihedral,"[[1,2,3,4,5,6,7,8,9,10,11,12,13,14,15,16,17,18,19],[39],[76],[75]]","[[""0.000"",""0.000"",""0.000"",""0.000""]]"
dihedral,"[[1,2,3,4,5,6,7,8,9,10,11,12,13,14,15,16,17,18,19],[40,41,42],[25,26],[56,57,58,59,60]]","[[""0.000"",""0.000"",""0.180"",""0.000""]]"
dihedral,"[[1,2,3,4,5,6,7,8,9,10,11,12,13,14,15,16,17,18,19],[40,41,42],[25,26],[84,85,86,87]]","[[""0.000"",""0.000"",""0.000"",""0.000""]]"
dihedral,"[[1,2,3,4,5,6,7,8,9,10,11,12,13,14,15,16,17,18,19],[40,41,42],[29,30],[89,90]]","[[""0.000"",""0.000"",""0.000"",""0.000""]]"
dihedral,"[[1,2,3,4,5,6,7,8,9,10,11,12,13,14,15,16,17,18,19],[40,41,42],[40,41,42],[1,2,3,4,5,6,7,8,9,10,11,12,13,14,15,16,17,18,19]]","[[""0.000"",""0.000"",""0.300"",""0.000""]]"
dihedral,"[[1,2,3,4,5,6,7,8,9,10,11,12,13,14,15,16,17,18,19],[40,41,42],[40,41,42],[25,26]]","[[""0.000"",""0.000"",""0.450"",""0.000""]]"
dihedral,"[[1,2,3,4,5,6,7,8,9,10,11,12,13,14,15,16,17,18,19],[40,41,42],[40,41,42],[29,30]]","[[""0.000"",""0.000"",""0.450"",""0.000""]]"
dihedral,"[[1,2,3,4,5,6,7,8,9,10,11,12,13,14,15,16,17,18,19],[40,41,42],[53,54,55],[1,2,3,4,5,6,7,8,9,10,11,12,13,14,15,16,17,18,19]]","[[""0.000"",""0.000"",""0.300"",""0.000""]]"
dihedral,"[[1,2,3,4,5,6,7,8,9,10,11,12,13,14,15,16,17,18,19],[40,41,42],[53,54,55],[88]]","[[""0.000"",""0.000"",""0.468"",""0.000""]]"
dihedral,"[[1,2,3,4,5,6,7,8,9,10,11,12,13,14,15,16,17,18,19],[43,44,45,46,47,48,49,50],[31,32],[77,78]]","[[""0.000"",""0.000"",""0.000"",""0.000""]]"
dihedral,"[[1,2,3,4,5,6,7,8,9,10,11,12,13,14,15,16,17,18,19],[43,44,45,46,47,48,49,50],[31,32],[79,80,81]]","[[""0.000"",""0.000"",""0.132"",""0.000""]]"
dihedral,"[[1,2,3,4,5,6,7,8,9,10,11,12,13,14,15,16,17,18,19],[43,44,45,46,47,48,49,50],[33,34],[82,83]]","[[""0.000"",""0.000"",""0.000"",""0.000""]]"
dihedral,"[[1,2,3,4,5,6,7,8,9,10,11,12,13,14,15,16,17,18,19],[43,44,45,46,47,48,49,50],[33,34],[88]]","[[""0.000"",""0.000"",""0.132"",""0.000""]]"
dihedral,"[[1,2,3,4,5,6,7,8,9,10,11,12,13,14,15,16,17,18,19],[43,44,45,46,47,48,49,50],[33,34],[92]]","[[""0.000"",""0.000"",""0.000"",""0.000""]]"
dihedral,"[[1,2,3,4,5,6,7,8,9,10,11,12,13,14,15,16,17,18,19],[43,44,45,46,47,48,49,50],[35],[31,32]]","[[""0.000"",""0.000"",""-0.100"",""0.000""]]"
dihedral,"[[1,2,3,4,5,6,7,8,9,10,11,12,13,14,15,16,17,18,19],[43,44,45,46,47,48,49,50],[35],[61,62,63]]","[[""0.000"",""0.000"",""0.300"",""0.000""]]"
dihedral,"[[1,2,3,4,5,6,7,8,9,10,11,12,13,14,15,16,17,18,19],[43,44,45,46,47,48,49,50],[36,37,38],[43,44,45,46,47,48,49,50]]","[[""0.000"",""0.000"",""0.300"",""0.000""]]"
dihedral,"[[1,2,3,4,5,6,7,8,9,10,11,12,13,14,15,16,17,18,19],[43,44,45,46,47,48,49,50],[36,37,38],[61,62,63]]","[[""0.000"",""0.000"",""0.300"",""0.000""]]"
dihedral,"[[1,2,3,4,5,6,7,8,9,10,11,12,13,14,15,16,17,18,19],[43,44,45,46,47,48,49,50],[36,37,38],[64,65,66,67]]","[[""0.000"",""0.000"",""0.462"",""0.000""]]"
dihedral,"[[1,2,3,4,5,6,7,8,9,10,11,12,13,14,15,16,17,18,19],[43,44,45,46,47,48,49,50],[39],[64,65,66,67]]","[[""0.000"",""0.000"",""0.462"",""0.000""]]"
dihedral,"[[1,2,3,4,5,6,7,8,9,10,11,12,13,14,15,16,17,18,19],[43,44,45,46,47,48,49,50],[39],[76]]","[[""-1.013"",""-0.709"",""0.473"",""0.000""]]"
dihedral,"[[1,2,3,4,5,6,7,8,9,10,11,12,13,14,15,16,17,18,19],[43,44,45,46,47,48,49,50],[43,44,45,46,47,48,49,50],[1,2,3,4,5,6,7,8,9,10,11,12,13,14,15,16,17,18,19]]","[[""0.000"",""0.000"",""0.300"",""0.000""]]"
dihedral,"[[1,2,3,4,5,6,7,8,9,10,11,12,13,14,15,16,17,18,19],[43,44,45,46,47,48,49,50],[43,44,45,46,47,48,49,50],[31,32]]","[[""0.000"",""0.000"",""-0.100"",""0.000""]]"
dihedral,"[[1,2,3,4,5,6,7,8,9,10,11,12,13,14,15,16,17,18,19],[43,44,45,46,47,48,49,50],[43,44,45,46,47,48,49,50],[33,34]]","[[""0.000"",""0.000"",""-0.100"",""0.000""]]"
dihedral,"[[1,2,3,4,5,6,7,8,9,10,11,12,13,14,15,16,17,18,19],[43,44,45,46,47,48,49,50],[51,52],[1,2,3,4,5,6,7,8,9,10,11,12,13,14,15,16,17,18,19]]","[[""0.000"",""0.000"",""0.300"",""0.000""]]"
dihedral,"[[1,2,3,4,5,6,7,8,9,10,11,12,13,14,15,16,17,18,19],[43,44,45,46,47,48,49,50],[51,52],[64,65,66,67]]","[[""0.000"",""0.000"",""0.462"",""0.000""]]"
dihedral,"[[1,2,3,4,5,6,7,8,9,10,11,12,13,14,15,16,17,18,19],[43,44,45,46,47,48,49,50],[51,52],[68]]","[[""0.000"",""0.000"",""0.462"",""0.000""]]"
dihedral,"[[1,2,3,4,5,6,7,8,9,10,11,12,13,14,15,16,17,18,19],[43,44,45,46,47,48,49,50],[53,54,55],[1,2,3,4,5,6,7,8,9,10,11,12,13,14,15,16,17,18,19]]","[[""0.000"",""0.000"",""0.300"",""0.000""]]"
dihedral,"[[1,2,3,4,5,6,7,8,9,10,11,12,13,14,15,16,17,18,19],[43,44,45,46,47,48,49,50],[53,54,55],[79,80,81]]","[[""0.000"",""0.000"",""0.468"",""0.000""]]"
dihedral,"[[1,2,3,4,5,6,7,8,9,10,11,12,13,14,15,16,17,18,19],[51,52],[43,44,45,46,47,48,49,50],[36,37,38]]","[[""0.000"",""0.000"",""0.300"",""0.000""]]"
dihedral,"[[1,2,3,4,5,6,7,8,9,10,11,12,13,14,15,16,17,18,19],[51,52],[43,44,45,46,47,48,49,50],[53,54,55]]","[[""0.000"",""0.000"",""0.300"",""0.000""]]"
dihedral,"[[1,2,3,4,5,6,7,8,9,10,11,12,13,14,15,16,17,18,19],[51,52],[64,65,66,67],[69,70,71,72]]","[[""0.000"",""0.000"",""0.000"",""0.000""]]"
dihedral,"[[1,2,3,4,5,6,7,8,9,10,11,12,13,14,15,16,17,18,19],[51,52],[68],[73]]","[[""0.000"",""0.000"",""0.000"",""0.000""]]"
dihedral,"[[1,2,3,4,5,6,7,8,9,10,11,12,13,14,15,16,17,18,19],[51,52],[68],[74]]","[[""0.000"",""0.000"",""0.000"",""0.000""]]"
dihedral,"[[1,2,3,4,5,6,7,8,9,10,11,12,13,14,15,16,17,18,19],[53,54,55],[40,41,42],[29,30]]","[[""0.000"",""0.000"",""0.450"",""0.000""]]"
dihedral,"[[1,2,3,4,5,6,7,8,9,10,11,12,13,14,15,16,17,18,19],[53,54,55],[43,44,45,46,47,48,49,50],[51,52]]","[[""0.000"",""0.000"",""0.300"",""0.000""]]"
dihedral,"[[1,2,3,4,5,6,7,8,9,10,11,12,13,14,15,16,17,18,19],[53,54,55],[61,62,63],[1,2,3,4,5,6,7,8,9,10,11,12,13,14,15,16,17,18,19]]","[[""0.000"",""0.000"",""0.300"",""0.000""]]"
dihedral,"[[1,2,3,4,5,6,7,8,9,10,11,12,13,14,15,16,17,18,19],[53,54,55],[79,80,81],[31,32]]","[[""0.000"",""0.000"",""0.198"",""0.000""]]"
dihedral,"[[1,2,3,4,5,6,7,8,9,10,11,12,13,14,15,16,17,18,19],[53,54,55],[88],[33,34]]","[[""0.000"",""0.000"",""0.198"",""0.000""]]"
dihedral,"[[1,2,3,4,5,6,7,8,9,10,11,12,13,14,15,16,17,18,19],[56,57,58,59,60],[25,26],[40,41,42]]","[[""0.000"",""0.000"",""0.180"",""0.000""]]"
dihedral,"[[1,2,3,4,5,6,7,8,9,10,11,12,13,14,15,16,17,18,19],[56,57,58,59,60],[25,26],[56,57,58,59,60]]","[[""0.000"",""0.000"",""0.180"",""0.000""]]"
dihedral,"[[1,2,3,4,5,6,7,8,9,10,11,12,13,14,15,16,17,18,19],[56,57,58,59,60],[25,26],[84,85,86,87]]","[[""0.000"",""0.000"",""0.000"",""0.000""]]"
dihedral,"[[1,2,3,4,5,6,7,8,9,10,11,12,13,14,15,16,17,18,19],[56,57,58,59,60],[27,28],[56,57,58,59,60]]","[[""0.000"",""0.000"",""0.180"",""0.000""]]"
dihedral,"[[1,2,3,4,5,6,7,8,9,10,11,12,13,14,15,16,17,18,19],[56,57,58,59,60],[27,28],[84,85,86,87]]","[[""0.000"",""0.000"",""0.000"",""0.000""]]"
dihedral,"[[1,2,3,4,5,6,7,8,9,10,11,12,13,14,15,16,17,18,19],[56,57,58,59,60],[27,28],[91]]","[[""0.000"",""0.000"",""0.000"",""0.000""]]"
dihedral,"[[1,2,3,4,5,6,7,8,9,10,11,12,13,14,15,16,17,18,19],[56,57,58,59,60],[29,30],[89,90]]","[[""0.000"",""0.000"",""0.000"",""0.000""]]"
dihedral,"[[1,2,3,4,5,6,7,8,9,10,11,12,13,14,15,16,17,18,19],[61,62,63],[35],[31,32]]","[[""0.000"",""0.000"",""-0.100"",""0.000""]]"
dihedral,"[[1,2,3,4,5,6,7,8,9,10,11,12,13,14,15,16,17,18,19],[61,62,63],[35],[43,44,45,46,47,48,49,50]]","[[""0.000"",""0.000"",""0.300"",""0.000""]]"
dihedral,"[[1,2,3,4,5,6,7,8,9,10,11,12,13,14,15,16,17,18,19],[61,62,63],[35],[61,62,63]]","[[""0.000"",""0.000"",""0.300"",""0.000""]]"
dihedral,"[[1,2,3,4,5,6,7,8,9,10,11,12,13,14,15,16,17,18,19],[61,62,63],[36,37,38],[43,44,45,46,47,48,49,50]]","[[""0.000"",""0.000"",""0.300"",""0.000""]]"
dihedral,"[[1,2,3,4,5,6,7,8,9,10,11,12,13,14,15,16,17,18,19],[61,62,63],[36,37,38],[64,65,66,67]]","[[""0.000"",""0.000"",""0.462"",""0.000""]]"
dihedral,"[[1,2,3,4,5,6,7,8,9,10,11,12,13,14,15,16,17,18,19],[61,62,63],[53,54,55],[79,80,81]]","[[""0.000"",""0.000"",""0.468"",""0.000""]]"
dihedral,"[[20,21,22],[69,70,71,72],[64,65,66,67],[36,37,38]]","[[""0.000"",""7.250"",""0.000"",""0.000""]]"
dihedral,"[[20,21,22],[69,70,71,72],[64,65,66,67],[39]]","[[""0.000"",""7.250"",""0.000"",""0.000""]]"
dihedral,"[[20,21,22],[69,70,71,72],[64,65,66,67],[51,52]]","[[""0.000"",""7.250"",""0.000"",""0.000""]]"
dihedral,"[[20,21,22],[69,70,71,72],[64,65,66,67],[69,70,71,72]]","[[""0.000"",""7.250"",""0.000"",""0.000""]]"
dihedral,"[[20,21,22],[69,70,71,72],[69,70,71,72],[20,21,22]]","[[""0.000"",""7.250"",""0.000"",""0.000""]]"
dihedral,"[[20,21,22],[69,70,71,72],[69,70,71,72],[64,65,66,67]]","[[""0.000"",""7.250"",""0.000"",""0.000""]]"
dihedral,"[[20,21,22],[69,70,71,72],[69,70,71,72],[69,70,71,72]]","[[""0.000"",""7.250"",""0.000"",""0.000""]]"
dihedral,"[[20,21,22],[73],[68],[51,52]]","[[""0.000"",""10.750"",""0.000"",""0.000""]]"
dihedral,"[[20,21,22],[73],[68],[74]]","[[""0.000"",""7.250"",""0.000"",""0.000""]]"
dihedral,"[[20,21,22],[73],[76],[39]]","[[""0.000"",""5.000"",""0.000"",""0.000""]]"
dihedral,"[[20,21,22],[73],[76],[75]]","[[""0.000"",""5.000"",""0.000"",""0.000""]]"
dihedral,"[[23,24],[91],[27,28],[56,57,58,59,60]]","[[""-0.750"",""0.000"",""0.000"",""0.000""]]"
dihedral,"[[23,24],[91],[27,28],[84,85,86,87]]","[[""0.750"",""0.000"",""0.000"",""0.000""]]"
dihedral,"[[23,24],[92],[33,34],[43,44,45,46,47,48,49,50]]","[[""1.500"",""5.500"",""0.000"",""0.000""]]"
dihedral,"[[23,24],[92],[33,34],[82,83]]","[[""0.000"",""5.500"",""0.000"",""0.000""]]"
dihedral,"[[25,26],[40,41,42],[40,41,42],[29,30]]","[[""5.200"",""-0.500"",""0.000"",""0.000""]]"
dihedral,"[[25,26],[84,85,86,87],[27,28],[56,57,58,59,60]]","[[""0.000"",""0.000"",""0.000"",""0.000""]]"
dihedral,"[[25,26],[84,85,86,87],[27,28],[84,85,86,87]]","[[""0.000"",""0.000"",""0.000"",""0.000""]]"
dihedral,"[[27,28],[84,85,86,87],[25,26],[40,41,42]]","[[""0.000"",""0.000"",""0.000"",""0.000""]]"
dihedral,"[[27,28],[84,85,86,87],[25,26],[56,57,58,59,60]]","[[""0.000"",""0.000"",""0.000"",""0.000""]]"
dihedral,"[[27,28],[84,85,86,87],[27,28],[56,57,58,59,60]]","[[""0.000"",""0.000"",""0.000"",""0.000""]]"
dihedral,"[[27,28],[84,85,86,87],[27,28],[84,85,86,87]]","[[""0.000"",""0.000"",""0.000"",""0.000""]]"
dihedral,"[[27,28],[84,85,86,87],[27,28],[91]]","[[""0.000"",""0.000"",""0.000"",""0.000""]]"
dihedral,"[[29,30],[40,41,42],[53,54,55],[88]]","[[""0.000"",""0.000"",""0.468"",""0.000""]]"
dihedral,"[[29,30],[89,90],[29,30],[40,41,42]]","[[""0.000"",""0.000"",""0.000"",""0.000""]]"
dihedral,"[[29,30],[89,90],[29,30],[56,57,58,59,60]]","[[""0.000"",""0.000"",""0.000"",""0.000""]]"
dihedral,"[[29,30],[89,90],[29,30],[89,90]]","[[""0.000"",""0.000"",""0.000"",""0.000""]]"
dihedral,"[[31,32],[35],[43,44,45,46,47,48,49,50],[36,37,38]]","[[""-2.060"",""-0.313"",""0.315"",""0.000""]]"
dihedral,"[[31,32],[43,44,45,46,47,48,49,50],[43,44,45,46,47,48,49,50],[31,32]]","[[""-0.550"",""0.000"",""1.000"",""0.000""]]"
dihedral,"[[31,32],[79,80,81],[53,54,55],[43,44,45,46,47,48,49,50]]","[[""-1.220"",""-0.126"",""0.422"",""0.000""]]"
dihedral,"[[31,32],[79,80,81],[53,54,55],[61,62,63]]","[[""-1.220"",""-0.126"",""0.422"",""0.000""]]"
dihedral,"[[33,34],[43,44,45,46,47,48,49,50],[43,44,45,46,47,48,49,50],[33,34]]","[[""-0.550"",""0.000"",""1.000"",""0.000""]]"
dihedral,"[[33,34],[88],[53,54,55],[40,41,42]]","[[""-1.220"",""-0.126"",""0.422"",""0.000""]]"
dihedral,"[[35],[31,32],[79,80,81],[53,54,55]]","[[""4.669"",""5.124"",""0.000"",""0.000""]]"
dihedral,"[[35],[43,44,45,46,47,48,49,50],[36,37,38],[43,44,45,46,47,48,49,50]]","[[""1.300"",""-0.200"",""0.200"",""0.000""]]"
dihedral,"[[35],[43,44,45,46,47,48,49,50],[36,37,38],[64,65,66,67]]","[[""1.300"",""-0.200"",""0.200"",""0.000""]]"
dihedral,"[[36,37,38],[43,44,45,46,47,48,49,50],[35],[61,62,63]]","[[""1.300"",""-0.200"",""0.200"",""0.000""]]"
dihedral,"[[36,37,38],[43,44,45,46,47,48,49,50],[36,37,38],[43,44,45,46,47,48,49,50]]","[[""1.300"",""-0.200"",""0.200"",""0.000""]]"
dihedral,"[[36,37,38],[43,44,45,46,47,48,49,50],[36,37,38],[61,62,63]]","[[""1.300"",""-0.200"",""0.200"",""0.000""]]"
dihedral,"[[36,37,38],[43,44,45,46,47,48,49,50],[36,37,38],[64,65,66,67]]","[[""1.300"",""-0.200"",""0.200"",""0.000""]]"
dihedral,"[[36,37,38],[43,44,45,46,47,48,49,50],[39],[64,65,66,67]]","[[""1.300"",""-0.200"",""0.200"",""0.000""]]"
dihedral,"[[36,37,38],[43,44,45,46,47,48,49,50],[39],[76]]","[[""2.392"",""-0.674"",""0.550"",""0.000""]]"
dihedral,"[[36,37,38],[43,44,45,46,47,48,49,50],[51,52],[64,65,66,67]]","[[""1.300"",""-0.200"",""0.200"",""0.000""]]"
dihedral,"[[36,37,38],[64,65,66,67],[69,70,71,72],[69,70,71,72]]","[[""0.000"",""7.250"",""0.000"",""0.000""]]"
dihedral,"[[39],[43,44,45,46,47,48,49,50],[36,37,38],[43,44,45,46,47,48,49,50]]","[[""1.300"",""-0.200"",""0.200"",""0.000""]]"
dihedral,"[[39],[43,44,45,46,47,48,49,50],[36,37,38],[64,65,66,67]]","[[""1.300"",""-0.200"",""0.200"",""0.000""]]"
dihedral,"[[39],[64,65,66,67],[69,70,71,72],[69,70,71,72]]","[[""0.000"",""7.250"",""0.000"",""0.000""]]"
dihedral,"[[39],[76],[73],[68]]","[[""0.000"",""5.000"",""0.000"",""0.000""]]"
dihedral,"[[39],[76],[75],[74]]","[[""0.000"",""0.000"",""0.000"",""0.000""]]"
dihedral,"[[40,41,42],[40,41,42],[25,26],[56,57,58,59,60]]","[[""1.000"",""0.000"",""0.000"",""0.000""]]"
dihedral,"[[40,41,42],[40,41,42],[25,26],[84,85,86,87]]","[[""0.000"",""0.000"",""0.000"",""0.000""]]"
dihedral,"[[40,41,42],[40,41,42],[29,30],[89,90]]","[[""0.000"",""0.000"",""0.000"",""0.000""]]"
dihedral,"[[43,44,45,46,47,48,49,50],[31,32],[79,80,81],[53,54,55]]","[[""4.669"",""5.124"",""0.000"",""0.000""]]"
dihedral,"[[43,44,45,46,47,48,49,50],[33,34],[88],[53,54,55]]","[[""4.669"",""5.124"",""0.000"",""0.000""]]"
dihedral,"[[43,44,45,46,47,48,49,50],[35],[31,32],[77,78]]","[[""0.000"",""0.000"",""0.000"",""0.000""]]"
dihedral,"[[43,44,45,46,47,48,49,50],[35],[31,32],[79,80,81]]","[[""0.000"",""0.000"",""-0.553"",""0.000""]]"
dihedral,"[[43,44,45,46,47,48,49,50],[36,37,38],[43,44,45,46,47,48,49,50],[51,52]]","[[""1.300"",""-0.200"",""0.200"",""0.000""]]"
dihedral,"[[43,44,45,46,47,48,49,50],[36,37,38],[64,65,66,67],[69,70,71,72]]","[[""0.000"",""0.000"",""0.000"",""0.000""]]"
dihedral,"[[43,44,45,46,47,48,49,50],[39],[64,65,66,67],[69,70,71,72]]","[[""0.000"",""0.000"",""0.000"",""0.000""]]"
dihedral,"[[43,44,45,46,47,48,49,50],[39],[76],[73]]","[[""1.000"",""-0.350"",""0.000"",""0.000""]]"
dihedral,"[[43,44,45,46,47,48,49,50],[39],[76],[75]]","[[""0.000"",""0.000"",""0.000"",""0.000""]]"
dihedral,"[[43,44,45,46,47,48,49,50],[43,44,45,46,47,48,49,50],[31,32],[77,78]]","[[""0.000"",""0.000"",""0.000"",""0.000""]]"
dihedral,"[[43,44,45,46,47,48,49,50],[43,44,45,46,47,48,49,50],[31,32],[79,80,81]]","[[""0.000"",""0.000"",""-0.553"",""0.000""]]"
dihedral,"[[43,44,45,46,47,48,49,50],[43,44,45,46,47,48,49,50],[33,34],[82,83]]","[[""0.000"",""0.000"",""0.000"",""0.000""]]"
dihedral,"[[43,44,45,46,47,48,49,50],[43,44,45,46,47,48,49,50],[33,34],[88]]","[[""0.000"",""0.000"",""-0.553"",""0.000""]]"
dihedral,"[[43,44,45,46,47,48,49,50],[43,44,45,46,47,48,49,50],[33,34],[92]]","[[""1.000"",""0.546"",""0.450"",""0.000""]]"
dihedral,"[[43,44,45,46,47,48,49,50],[51,52],[64,65,66,67],[69,70,71,72]]","[[""0.000"",""0.000"",""0.000"",""0.000""]]"
dihedral,"[[43,44,45,46,47,48,49,50],[51,52],[68],[73]]","[[""0.000"",""0.000"",""0.000"",""0.000""]]"
dihedral,"[[43,44,45,46,47,48,49,50],[51,52],[68],[74]]","[[""0.000"",""0.000"",""0.000"",""0.000""]]"
dihedral,"[[51,52],[43,44,45,46,47,48,49,50],[36,37,38],[64,65,66,67]]","[[""1.300"",""-0.200"",""0.200"",""0.000""]]"
dihedral,"[[51,52],[43,44,45,46,47,48,49,50],[53,54,55],[79,80,81]]","[[""1.711"",""-0.500"",""0.663"",""0.000""]]"
dihedral,"[[51,52],[64,65,66,67],[69,70,71,72],[69,70,71,72]]","[[""0.000"",""7.250"",""0.000"",""0.000""]]"
dihedral,"[[51,52],[68],[73],[76]]","[[""0.000"",""7.250"",""0.000"",""0.000""]]"
dihedral,"[[51,52],[68],[74],[75]]","[[""0.000"",""7.250"",""0.000"",""0.000""]]"
dihedral,"[[53,54,55],[40,41,42],[29,30],[89,90]]","[[""0.000"",""0.000"",""0.000"",""0.000""]]"
dihedral,"[[53,54,55],[43,44,45,46,47,48,49,50],[51,52],[68]]","[[""1.300"",""-0.200"",""0.200"",""0.000""]]"
dihedral,"[[53,54,55],[79,80,81],[31,32],[77,78]]","[[""0.000"",""5.124"",""0.000"",""0.000""]]"
dihedral,"[[53,54,55],[88],[33,34],[82,83]]","[[""0.000"",""5.124"",""0.000"",""0.000""]]"
dihedral,"[[61,62,63],[35],[31,32],[77,78]]","[[""0.000"",""0.000"",""0.000"",""0.000""]]"
dihedral,"[[61,62,63],[35],[31,32],[79,80,81]]","[[""0.000"",""0.000"",""-0.553"",""0.000""]]"
dihedral,"[[61,62,63],[36,37,38],[64,65,66,67],[69,70,71,72]]","[[""0.000"",""0.000"",""0.000"",""0.000""]]"
dihedral,"[[64,65,66,67],[39],[76],[73]]","[[""0.000"",""0.000"",""0.000"",""0.000""]]"
dihedral,"[[64,65,66,67],[39],[76],[75]]","[[""0.000"",""2.170"",""0.000"",""0.000""]]"
dihedral,"[[64,65,66,67],[69,70,71,72],[69,70,71,72],[69,70,71,72]]","[[""0.000"",""7.250"",""0.000"",""0.000""]]"
dihedral,"[[68],[73],[76],[75]]","[[""0.000"",""5.000"",""0.000"",""0.000""]]"
dihedral,"[[68],[74],[75],[76]]","[[""0.000"",""10.000"",""0.000"",""0.000""]]"
dihedral,"[[69,70,71,72],[64,65,66,67],[39],[76]]","[[""0.000"",""0.000"",""0.000"",""0.000""]]"
dihedral,"[[69,70,71,72],[64,65,66,67],[69,70,71,72],[69,70,71,72]]","[[""0.000"",""7.250"",""0.000"",""0.000""]]"
dihedral,"[[69,70,71,72],[69,70,71,72],[69,70,71,72],[69,70,71,72]]","[[""0.000"",""7.250"",""0.000"",""0.000""]]"
dihedral,"[[73],[68],[74],[75]]","[[""0.000"",""7.250"",""0.000"",""0.000""]]"
dihedral,"[[73],[76],[75],[74]]","[[""0.000"",""7.250"",""0.000"",""0.000""]]"
dihedral,"[[74],[68],[73],[76]]","[[""0.000"",""7.250"",""0.000"",""0.000""]]"
improper,"[[25,26],[40,41,42],[56,57,58,59,60],[56,57,58,59,60]]","[[""0.000"",""-1"",""2""]]"
improper,"[[25,26],[40,41,42],[56,57,58,59,60],[84,85,86,87]]","[[""0.000"",""-1"",""2""]]"
improper,"[[25,26],[56,57,58,59,60],[56,57,58,59,60],[84,85,86,87]]","[[""0.000"",""-1"",""2""]]"
improper,"[[27,28],[56,57,58,59,60],[56,57,58,59,60],[84,85,86,87]]","[[""0.000"",""-1"",""2""]]"
improper,"[[27,28],[56,57,58,59,60],[56,57,58,59,60],[91]]","[[""0.000"",""-1"",""2""]]"
improper,"[[27,28],[56,57,58,59,60],[84,85,86,87],[84,85,86,87]]","[[""0.000"",""-1"",""2""]]"
improper,"[[27,28],[56,57,58,59,60],[84,85,86,87],[91]]","[[""0.000"",""-1"",""2""]]"
improper,"[[29,30],[40,41,42],[89,90],[89,90]]","[[""0.000"",""-1"",""2""]]"
improper,"[[29,30],[56,57,58,59,60],[89,90],[89,90]]","[[""0.000"",""-1"",""2""]]"
improper,"[[29,30],[89,90],[89,90],[89,90]]","[[""0.000"",""-1"",""2""]]"
improper,"[[31,32],[35],[77,78],[79,80,81]]","[[""10.500"",""-1"",""2""]]"
improper,"[[31,32],[43,44,45,46,47,48,49,50],[77,78],[79,80,81]]","[[""10.500"",""-1"",""2""]]"
improper,"[[33,34],[43,44,45,46,47,48,49,50],[82,83],[88]]","[[""10.500"",""-1"",""2""]]"
improper,"[[33,34],[43,44,45,46,47,48,49,50],[82,83],[92]]","[[""10.500"",""-1"",""2""]]"
improper,"[[35],[31,32],[43,44,45,46,47,48,49,50],[61,62,63]]","[[""0.000"",""-1"",""2""]]"
improper,"[[36,37,38],[1,2,3,4,5,6,7,8,9,10,11,12,13,14,15,16,17,18,19],[43,44,45,46,47,48,49,50],[43,44,45,46,47,48,49,50]]","[[""0.000"",""-1"",""2""]]"
improper,"[[36,37,38],[1,2,3,4,5,6,7,8,9,10,11,12,13,14,15,16,17,18,19],[43,44,45,46,47,48,49,50],[61,62,63]]","[[""0.000"",""-1"",""2""]]"
improper,"[[36,37,38],[1,2,3,4,5,6,7,8,9,10,11,12,13,14,15,16,17,18,19],[43,44,45,46,47,48,49,50],[64,65,66,67]]","[[""0.000"",""-1"",""2""]]"
improper,"[[36,37,38],[43,44,45,46,47,48,49,50],[43,44,45,46,47,48,49,50],[64,65,66,67]]","[[""0.000"",""-1"",""2""]]"
improper,"[[36,37,38],[43,44,45,46,47,48,49,50],[61,62,63],[64,65,66,67]]","[[""0.000"",""-1"",""2""]]"
improper,"[[39],[1,2,3,4,5,6,7,8,9,10,11,12,13,14,15,16,17,18,19],[43,44,45,46,47,48,49,50],[76]]","[[""0.000"",""-1"",""2""]]"
improper,"[[39],[43,44,45,46,47,48,49,50],[64,65,66,67],[76]]","[[""0.000"",""-1"",""2""]]"
improper,"[[40,41,42],[1,2,3,4,5,6,7,8,9,10,11,12,13,14,15,16,17,18,19],[25,26],[40,41,42]]","[[""0.000"",""-1"",""2""]]"
improper,"[[40,41,42],[1,2,3,4,5,6,7,8,9,10,11,12,13,14,15,16,17,18,19],[29,30],[40,41,42]]","[[""0.000"",""-1"",""2""]]"
improper,"[[40,41,42],[1,2,3,4,5,6,7,8,9,10,11,12,13,14,15,16,17,18,19],[29,30],[53,54,55]]","[[""0.000"",""-1"",""2""]]"
improper,"[[43,44,45,46,47,48,49,50],[1,2,3,4,5,6,7,8,9,10,11,12,13,14,15,16,17,18,19],[1,2,3,4,5,6,7,8,9,10,11,12,13,14,15,16,17,18,19],[36,37,38]]","[[""0.000"",""-1"",""2""]]"
improper,"[[43,44,45,46,47,48,49,50],[1,2,3,4,5,6,7,8,9,10,11,12,13,14,15,16,17,18,19],[1,2,3,4,5,6,7,8,9,10,11,12,13,14,15,16,17,18,19],[39]]","[[""0.000"",""-1"",""2""]]"
improper,"[[43,44,45,46,47,48,49,50],[1,2,3,4,5,6,7,8,9,10,11,12,13,14,15,16,17,18,19],[31,32],[43,44,45,46,47,48,49,50]]","[[""0.000"",""-1"",""2""]]"
improper,"[[43,44,45,46,47,48,49,50],[1,2,3,4,5,6,7,8,9,10,11,12,13,14,15,16,17,18,19],[33,34],[43,44,45,46,47,48,49,50]]","[[""0.000"",""-1"",""2""]]"
improper,"[[43,44,45,46,47,48,49,50],[1,2,3,4,5,6,7,8,9,10,11,12,13,14,15,16,17,18,19],[35],[36,37,38]]","[[""0.000"",""-1"",""2""]]"
improper,"[[43,44,45,46,47,48,49,50],[1,2,3,4,5,6,7,8,9,10,11,12,13,14,15,16,17,18,19],[36,37,38],[36,37,38]]","[[""0.000"",""-1"",""2""]]"
improper,"[[43,44,45,46,47,48,49,50],[1,2,3,4,5,6,7,8,9,10,11,12,13,14,15,16,17,18,19],[36,37,38],[39]]","[[""0.000"",""-1"",""2""]]"
improper,"[[43,44,45,46,47,48,49,50],[1,2,3,4,5,6,7,8,9,10,11,12,13,14,15,16,17,18,19],[36,37,38],[51,52]]","[[""0.000"",""-1"",""2""]]"
improper,"[[43,44,45,46,47,48,49,50],[1,2,3,4,5,6,7,8,9,10,11,12,13,14,15,16,17,18,19],[51,52],[53,54,55]]","[[""0.000"",""-1"",""2""]]"
improper,"[[51,52],[1,2,3,4,5,6,7,8,9,10,11,12,13,14,15,16,17,18,19],[1,2,3,4,5,6,7,8,9,10,11,12,13,14,15,16,17,18,19],[43,44,45,46,47,48,49,50]]","[[""0.000"",""-1"",""2""]]"
improper,"[[51,52],[1,2,3,4,5,6,7,8,9,10,11,12,13,14,15,16,17,18,19],[43,44,45,46,47,48,49,50],[64,65,66,67]]","[[""0.000"",""-1"",""2""]]"
improper,"[[51,52],[1,2,3,4,5,6,7,8,9,10,11,12,13,14,15,16,17,18,19],[43,44,45,46,47,48,49,50],[68]]","[[""0.000"",""-1"",""2""]]"
improper,"[[53,54,55],[1,2,3,4,5,6,7,8,9,10,11,12,13,14,15,16,17,18,19],[1,2,3,4,5,6,7,8,9,10,11,12,13,14,15,16,17,18,19],[79,80,81]]","[[""0.000"",""-1"",""2""]]"
improper,"[[53,54,55],[1,2,3,4,5,6,7,8,9,10,11,12,13,14,15,16,17,18,19],[40,41,42],[88]]","[[""0.000"",""-1"",""2""]]"
improper,"[[53,54,55],[1,2,3,4,5,6,7,8,9,10,11,12,13,14,15,16,17,18,19],[43,44,45,46,47,48,49,50],[79,80,81]]","[[""0.000"",""-1"",""2""]]"
improper,"[[53,54,55],[1,2,3,4,5,6,7,8,9,10,11,12,13,14,15,16,17,18,19],[61,62,63],[79,80,81]]","[[""0.000"",""-1"",""2""]]"
improper,"[[56,57,58,59,60],[1,2,3,4,5,6,7,8,9,10,11,12,13,14,15,16,17,18,19],[1,2,3,4,5,6,7,8,9,10,11,12,13,14,15,16,17,18,19],[25,26]]","[[""0.000"",""-1"",""2""]]"
improper,"[[56,57,58,59,60],[1,2,3,4,5,6,7,8,9,10,11,12,13,14,15,16,17,18,19],[1,2,3,4,5,6,7,8,9,10,11,12,13,14,15,16,17,18,19],[27,28]]","[[""0.000"",""-1"",""2""]]"
improper,"[[56,57,58,59,60],[1,2,3,4,5,6,7,8,9,10,11,12,13,14,15,16,17,18,19],[1,2,3,4,5,6,7,8,9,10,11,12,13,14,15,16,17,18,19],[29,30]]","[[""0.000"",""-1"",""2""]]"
improper,"[[61,62,63],[1,2,3,4,5,6,7,8,9,10,11,12,13,14,15,16,17,18,19],[1,2,3,4,5,6,7,8,9,10,11,12,13,14,15,16,17,18,19],[1,2,3,4,5,6,7,8,9,10,11,12,13,14,15,16,17,18,19]]","[[""0.000"",""-1"",""2""]]"
improper,"[[61,62,63],[1,2,3,4,5,6,7,8,9,10,11,12,13,14,15,16,17,18,19],[1,2,3,4,5,6,7,8,9,10,11,12,13,14,15,16,17,18,19],[35]]","[[""0.000"",""-1"",""2""]]"
improper,"[[61,62,63],[1,2,3,4,5,6,7,8,9,10,11,12,13,14,15,16,17,18,19],[1,2,3,4,5,6,7,8,9,10,11,12,13,14,15,16,17,18,19],[36,37,38]]","[[""0.000"",""-1"",""2""]]"
improper,"[[61,62,63],[1,2,3,4,5,6,7,8,9,10,11,12,13,14,15,16,17,18,19],[1,2,3,4,5,6,7,8,9,10,11,12,13,14,15,16,17,18,19],[53,54,55]]","[[""0.000"",""-1"",""2""]]"
improper,"[[64,65,66,67],[36,37,38],[69,70,71,72],[69,70,71,72]]","[[""2.500"",""-1"",""2""]]"
improper,"[[64,65,66,67],[39],[69,70,71,72],[69,70,71,72]]","[[""2.500"",""-1"",""2""]]"
improper,"[[64,65,66,67],[51,52],[69,70,71,72],[69,70,71,72]]","[[""2.500"",""-1"",""2""]]"
improper,"[[68],[51,52],[73],[74]]","[[""2.500"",""-1"",""2""]]"
improper,"[[69,70,71,72],[20,21,22],[64,65,66,67],[69,70,71,72]]","[[""2.500"",""-1"",""2""]]"
improper,"[[69,70,71,72],[20,21,22],[69,70,71,72],[69,70,71,72]]","[[""2.500"",""-1"",""2""]]"
improper,"[[73],[20,21,22],[68],[76]]","[[""2.500"",""-1"",""2""]]"
improper,"[[76],[39],[73],[75]]","[[""0.000"",""-1"",""2""]]"
