module,atom_index,atom_name,opls_type_id,opls_type_name,charge,sigma,epsilon,mass,env_key
segment2,1,C,1,LMP_1,-0.1325,3.5,0.066,12.011,"{""z"":6,""formal_charge"":0,""aromatic"":0,""hybridization"":""SP3"",""degree"":4,""total_hs"":3,""in_ring"":0,""ring_count"":0,""neighbor_sig"":[""1:S:0"",""1:S:0"",""1:S:0"",""6:S:0""],""bond_kinds"":[""S"",""S"",""S"",""S""],""hop1_shell"":[{""z"":1,""fc"":0,""ar"":0,""deg"":1,""h"":0,""ring"":0},{""z"":1,""fc"":0,""ar"":0,""deg"":1,""h"":0,""ring"":0},{""z"":1,""fc"":0,""ar"":0,""deg"":1,""h"":0,""ring"":0},{""z"":6,""fc"":0,""ar"":0,""deg"":4,""h"":1,""ring"":0}],""hop2_shell"":[{""z"":1,""fc"":0,""ar"":0,""deg"":1,""h"":0,""ring"":0},{""z"":6,""fc"":0,""ar"":0,""deg"":4,""h"":2,""ring"":0},{""z"":6,""fc"":0,""ar"":1,""deg"":3,""h"":0,""ring"":1}]}"
segment2,2,H,2,LMP_2,0.0384,2.5,0.03,1.008,"{""z"":1,""formal_charge"":0,""aromatic"":0,""hybridization"":""S"",""degree"":1,""total_hs"":0,""in_ring"":0,""ring_count"":0,""neighbor_sig"":[""6:S:0""],""bond_kinds"":[""S""],""hop1_shell"":[{""z"":6,""fc"":0,""ar"":0,""deg"":4,""h"":3,""ring"":0}],""hop2_shell"":[{""z"":1,""fc"":0,""ar"":0,""deg"":1,""h"":0,""ring"":0},{""z"":1,""fc"":0,""ar"":0,""deg"":1,""h"":0,""ring"":0},{""z"":6,""fc"":0,""ar"":0,""deg"":4,""h"":1,""ring"":0}]}"
segment2,3,H,3,LMP_3,0.2992,2.5,0.03,1.008,"{""z"":1,""formal_charge"":0,""aromatic"":0,""hybridization"":""S"",""degree"":1,""total_hs"":0,""in_ring"":0,""ring_count"":0,""neighbor_sig"":[""6:S:0""],""bond_kinds"":[""S""],""hop1_shell"":[{""z"":6,""fc"":0,""ar"":0,""deg"":4,""h"":3,""ring"":0}],""hop2_shell"":[{""z"":1,""fc"":0,""ar"":0,""deg"":1,""h"":0,""ring"":0},{""z"":1,""fc"":0,""ar"":0,""deg"":1,""h"":0,""ring"":0},{""z"":6,""fc"":0,""ar"":0,""deg"":4,""h"":1,""ring"":0}]}"
segment2,4,C,4,LMP_4,-0.1931,3.5,0.066,12.011,"{""z"":6,""formal_charge"":0,""aromatic"":0,""hybridization"":""SP3"",""degree"":4,""total_hs"":2,""in_ring"":0,""ring_count"":0,""neighbor_sig"":[""1:S:0"",""1:S:0"",""6:S:0"",""6:S:0""],""bond_kinds"":[""S"",""S"",""S"",""S""],""hop1_shell"":[{""z"":1,""fc"":0,""ar"":0,""deg"":1,""h"":0,""ring"":0},{""z"":1,""fc"":0,""ar"":0,""deg"":1,""h"":0,""ring"":0},{""z"":6,""fc"":0,""ar"":0,""deg"":4,""h"":1,""ring"":0},{""z"":6,""fc"":0,""ar"":0,""deg"":4,""h"":1,""ring"":0}],""hop2_shell"":[{""z"":1,""fc"":0,""ar"":0,""deg"":1,""h"":0,""ring"":0},{""z"":1,""fc"":0,""ar"":0,""deg"":1,""h"":0,""ring"":0},{""z"":6,""fc"":0,""ar"":0,""deg"":4,""h"":2,""ring"":0},{""z"":6,""fc"":0,""ar"":0,""deg"":4,""h"":3,""ring"":0},{""z"":6,""fc"":0,""ar"":1,""deg"":3,""h"":0,""ring"":1},{""z"":6,""fc"":0,""ar"":1,""deg"":3,""h"":0,""ring"":1}]}"
segment2,5,C,5,LMP_5,0.0102,3.5,0.066,12.011,"{""z"":6,""formal_charge"":0,""aromatic"":0,""hybridization"":""SP3"",""degree"":4,""total_hs"":1,""in_ring"":0,""ring_count"":0,""neighbor_sig"":[""1:S:0"",""6:S:0"",""6:S:0"",""6:S:1""],""bond_kinds"":[""S"",""S"",""S"",""S""],""hop1_shell"":[{""z"":1,""fc"":0,""ar"":0,""deg"":1,""h"":0,""ring"":0},{""z"":6,""fc"":0,""ar"":0,""deg"":4,""h"":2,""ring"":0},{""z"":6,""fc"":0,""ar"":0,""deg"":4,""h"":3,""ring"":0},{""z"":6,""fc"":0,""ar"":1,""deg"":3,""h"":0,""ring"":1}],""hop2_shell"":[{""z"":1,""fc"":0,""ar"":0,""deg"":1,""h"":0,""ring"":0},{""z"":1,""fc"":0,""ar"":0,""deg"":1,""h"":0,""ring"":0},{""z"":1,""fc"":0,""ar"":0,""deg"":1,""h"":0,""ring"":0},{""z"":1,""fc"":0,""ar"":0,""deg"":1,""h"":0,""ring"":0},{""z"":1,""fc"":0,""ar"":0,""deg"":1,""h"":0,""ring"":0},{""z"":6,""fc"":0,""ar"":0,""deg"":4,""h"":1,""ring"":0},{""z"":6,""fc"":0,""ar"":1,""deg"":3,""h"":1,""ring"":1},{""z"":6,""fc"":0,""ar"":1,""deg"":3,""h"":1,""ring"":1}]}"
segment2,6,H,6,LMP_6,0.1043,2.5,0.03,1.008,"{""z"":1,""formal_charge"":0,""aromatic"":0,""hybridization"":""S"",""degree"":1,""total_hs"":0,""in_ring"":0,""ring_count"":0,""neighbor_sig"":[""6:S:0""],""bond_kinds"":[""S""],""hop1_shell"":[{""z"":6,""fc"":0,""ar"":0,""deg"":4,""h"":2,""ring"":0}],""hop2_shell"":[{""z"":1,""fc"":0,""ar"":0,""deg"":1,""h"":0,""ring"":0},{""z"":6,""fc"":0,""ar"":0,""deg"":4,""h"":1,""ring"":0},{""z"":6,""fc"":0,""ar"":0,""deg"":4,""h"":1,""ring"":0}]}"
segment2,7,H,7,LMP_7,0.1043,2.5,0.03,1.008,"{""z"":1,""formal_charge"":0,""aromatic"":0,""hybridization"":""S"",""degree"":1,""total_hs"":0,""in_ring"":0,""ring_count"":0,""neighbor_sig"":[""6:S:0""],""bond_kinds"":[""S""],""hop1_shell"":[{""z"":6,""fc"":0,""ar"":0,""deg"":4,""h"":2,""ring"":0}],""hop2_shell"":[{""z"":1,""fc"":0,""ar"":0,""deg"":1,""h"":0,""ring"":0},{""z"":6,""fc"":0,""ar"":0,""deg"":4,""h"":1,""ring"":0},{""z"":6,""fc"":0,""ar"":0,""deg"":4,""h"":1,""ring"":0}]}"
segment2,8,C,8,LMP_8,-0.073,3.55,0.07,12.011,"{""z"":6,""formal_charge"":0,""aromatic"":1,""hybridization"":""SP2"",""degree"":3,""total_hs"":0,""in_ring"":1,""ring_count"":1,""neighbor_sig"":[""6:A:1"",""6:A:1"",""6:S:0""],""bond_kinds"":[""A"",""A"",""S""],""hop1_shell"":[{""z"":6,""fc"":0,""ar"":0,""deg"":4,""h"":1,""ring"":0},{""z"":6,""fc"":0,""ar"":1,""deg"":3,""h"":1,""ring"":1},{""z"":6,""fc"":0,""ar"":1,""deg"":3,""h"":1,""ring"":1}],""hop2_shell"":[{""z"":1,""fc"":0,""ar"":0,""deg"":1,""h"":0,""ring"":0},{""z"":1,""fc"":0,""ar"":0,""deg"":1,""h"":0,""ring"":0},{""z"":1,""fc"":0,""ar"":0,""deg"":1,""h"":0,""ring"":0},{""z"":6,""fc"":0,""ar"":0,""deg"":4,""h"":2,""ring"":0},{""z"":6,""fc"":0,""ar"":0,""deg"":4,""h"":3,""ring"":0},{""z"":6,""fc"":0,""ar"":1,""deg"":3,""h"":1,""ring"":1},{""z"":6,""fc"":0,""ar"":1,""deg"":3,""h"":1,""ring"":1}]}"
segment2,9,H,9,LMP_9,0.0979,2.5,0.03,1.008,"{""z"":1,""formal_charge"":0,""aromatic"":0,""hybridization"":""S"",""degree"":1,""total_hs"":0,""in_ring"":0,""ring_count"":0,""neighbor_sig"":[""6:S:0""],""bond_kinds"":[""S""],""hop1_shell"":[{""z"":6,""fc"":0,""ar"":0,""deg"":4,""h"":1,""ring"":0}],""hop2_shell"":[{""z"":6,""fc"":0,""ar"":0,""deg"":4,""h"":2,""ring"":0},{""z"":6,""fc"":0,""ar"":0,""deg"":4,""h"":3,""ring"":0},{""z"":6,""fc"":0,""ar"":1,""deg"":3,""h"":0,""ring"":1}]}"
segment2,10,C,10,LMP_10,-0.1422,3.55,0.07,12.011,"{""z"":6,""formal_charge"":0,""aromatic"":1,""hybridization"":""SP2"",""degree"":3,""total_hs"":1,""in_ring"":1,""ring_count"":1,""neighbor_sig"":[""1:S:0"",""6:A:1"",""6:A:1""],""bond_kinds"":[""A"",""A"",""S""],""hop1_shell"":[{""z"":1,""fc"":0,""ar"":0,""deg"":1,""h"":0,""ring"":0},{""z"":6,""fc"":0,""ar"":1,""deg"":3,""h"":0,""ring"":1},{""z"":6,""fc"":0,""ar"":1,""deg"":3,""h"":1,""ring"":1}],""hop2_shell"":[{""z"":1,""fc"":0,""ar"":0,""deg"":1,""h"":0,""ring"":0},{""z"":6,""fc"":0,""ar"":0,""deg"":4,""h"":1,""ring"":0},{""z"":6,""fc"":0,""ar"":1,""deg"":3,""h"":1,""ring"":1},{""z"":6,""fc"":0,""ar"":1,""deg"":3,""h"":1,""ring"":1}]}"
segment2,11,C,11,LMP_11,-0.1422,3.55,0.07,12.011,"{""z"":6,""formal_charge"":0,""aromatic"":1,""hybridization"":""SP2"",""degree"":3,""total_hs"":1,""in_ring"":1,""ring_count"":1,""neighbor_sig"":[""1:S:0"",""6:A:1"",""6:A:1""],""bond_kinds"":[""A"",""A"",""S""],""hop1_shell"":[{""z"":1,""fc"":0,""ar"":0,""deg"":1,""h"":0,""ring"":0},{""z"":6,""fc"":0,""ar"":1,""deg"":3,""h"":0,""ring"":1},{""z"":6,""fc"":0,""ar"":1,""deg"":3,""h"":1,""ring"":1}],""hop2_shell"":[{""z"":1,""fc"":0,""ar"":0,""deg"":1,""h"":0,""ring"":0},{""z"":6,""fc"":0,""ar"":0,""deg"":4,""h"":1,""ring"":0},{""z"":6,""fc"":0,""ar"":1,""deg"":3,""h"":1,""ring"":1},{""z"":6,""fc"":0,""ar"":1,""deg"":3,""h"":1,""ring"":1}]}"
segment2,12,C,12,LMP_12,-0.152,3.55,0.07,12.011,"{""z"":6,""formal_charge"":0,""aromatic"":1,""hybridization"":""SP2"",""degree"":3,""total_hs"":1,""in_ring"":1,""ring_count"":1,""neighbor_sig"":[""1:S:0"",""6:A:1"",""6:A:1""],""bond_kinds"":[""A"",""A"",""S""],""hop1_shell"":[{""z"":1,""fc"":0,""ar"":0,""deg"":1,""h"":0,""ring"":0},{""z"":6,""fc"":0,""ar"":1,""deg"":3,""h"":1,""ring"":1},{""z"":6,""fc"":0,""ar"":1,""deg"":3,""h"":1,""ring"":1}],""hop2_shell"":[{""z"":1,""fc"":0,""ar"":0,""deg"":1,""h"":0,""ring"":0},{""z"":1,""fc"":0,""ar"":0,""deg"":1,""h"":0,""ring"":0},{""z"":6,""fc"":0,""ar"":1,""deg"":3,""h"":0,""ring"":1},{""z"":6,""fc"":0,""ar"":1,""deg"":3,""h"":1,""ring"":1}]}"
segment2,13,H,13,LMP_13,0.1509,2.42,0.03,1.008,"{""z"":1,""formal_charge"":0,""aromatic"":0,""hybridization"":""S"",""degree"":1,""total_hs"":0,""in_ring"":0,""ring_count"":0,""neighbor_sig"":[""6:S:1""],""bond_kinds"":[""S""],""hop1_shell"":[{""z"":6,""fc"":0,""ar"":1,""deg"":3,""h"":1,""ring"":1}],""hop2_shell"":[{""z"":6,""fc"":0,""ar"":1,""deg"":3,""h"":0,""ring"":1},{""z"":6,""fc"":0,""ar"":1,""deg"":3,""h"":1,""ring"":1}]}"
segment2,14,C,14,LMP_14,-0.152,3.55,0.07,12.011,"{""z"":6,""formal_charge"":0,""aromatic"":1,""hybridization"":""SP2"",""degree"":3,""total_hs"":1,""in_ring"":1,""ring_count"":1,""neighbor_sig"":[""1:S:0"",""6:A:1"",""6:A:1""],""bond_kinds"":[""A"",""A"",""S""],""hop1_shell"":[{""z"":1,""fc"":0,""ar"":0,""deg"":1,""h"":0,""ring"":0},{""z"":6,""fc"":0,""ar"":1,""deg"":3,""h"":1,""ring"":1},{""z"":6,""fc"":0,""ar"":1,""deg"":3,""h"":1,""ring"":1}],""hop2_shell"":[{""z"":1,""fc"":0,""ar"":0,""deg"":1,""h"":0,""ring"":0},{""z"":1,""fc"":0,""ar"":0,""deg"":1,""h"":0,""ring"":0},{""z"":6,""fc"":0,""ar"":1,""deg"":3,""h"":0,""ring"":1},{""z"":6,""fc"":0,""ar"":1,""deg"":3,""h"":1,""ring"":1}]}"
segment2,15,H,15,LMP_15,0.1509,2.42,0.03,1.008,"{""z"":1,""formal_charge"":0,""aromatic"":0,""hybridization"":""S"",""degree"":1,""total_hs"":0,""in_ring"":0,""ring_count"":0,""neighbor_sig"":[""6:S:1""],""bond_kinds"":[""S""],""hop1_shell"":[{""z"":6,""fc"":0,""ar"":1,""deg"":3,""h"":1,""ring"":1}],""hop2_shell"":[{""z"":6,""fc"":0,""ar"":1,""deg"":3,""h"":0,""ring"":1},{""z"":6,""fc"":0,""ar"":1,""deg"":3,""h"":1,""ring"":1}]}"
segment2,16,C,16,LMP_16,-0.1502,3.55,0.07,12.011,"{""z"":6,""formal_charge"":0,""aromatic"":1,""hybridization"":""SP2"",""degree"":3,""total_hs"":1,""in_ring"":1,""ring_count"":1,""neighbor_sig"":[""1:S:0"",""6:A:1"",""6:A:1""],""bond_kinds"":[""A"",""A"",""S""],""hop1_shell"":[{""z"":1,""fc"":0,""ar"":0,""deg"":1,""h"":0,""ring"":0},{""z"":6,""fc"":0,""ar"":1,""deg"":3,""h"":1,""ring"":1},{""z"":6,""fc"":0,""ar"":1,""deg"":3,""h"":1,""ring"":1}],""hop2_shell"":[{""z"":1,""fc"":0,""ar"":0,""deg"":1,""h"":0,""ring"":0},{""z"":1,""fc"":0,""ar"":0,""deg"":1,""h"":0,""ring"":0},{""z"":6,""fc"":0,""ar"":1,""deg"":3,""h"":1,""ring"":1},{""z"":6,""fc"":0,""ar"":1,""deg"":3,""h"":1,""ring"":1}]}"
segment2,17,H,17,LMP_17,0.1533,2.42,0.03,1.008,"{""z"":1,""formal_charge"":0,""aromatic"":0,""hybridization"":""S"",""degree"":1,""total_hs"":0,""in_ring"":0,""ring_count"":0,""neighbor_sig"":[""6:S:1""],""bond_kinds"":[""S""],""hop1_shell"":[{""z"":6,""fc"":0,""ar"":1,""deg"":3,""h"":1,""ring"":1}],""hop2_shell"":[{""z"":6,""fc"":0,""ar"":1,""deg"":3,""h"":1,""ring"":1},{""z"":6,""fc"":0,""ar"":1,""deg"":3,""h"":1,""ring"":1}]}"
segment2,18,H,18,LMP_18,0.1533,2.42,0.03,1.008,"{""z"":1,""formal_charge"":0,""aromatic"":0,""hybridization"":""S"",""degree"":1,""total_hs"":0,""in_ring"":0,""ring_count"":0,""neighbor_sig"":[""6:S:1""],""bond_kinds"":[""S""],""hop1_shell"":[{""z"":6,""fc"":0,""ar"":1,""deg"":3,""h"":1,""ring"":1}],""hop2_shell"":[{""z"":6,""fc"":0,""ar"":1,""deg"":3,""h"":1,""ring"":1},{""z"":6,""fc"":0,""ar"":1,""deg"":3,""h"":1,""ring"":1}]}"
segment2,19,H,19,LMP_19,0.1524,2.42,0.03,1.008,"{""z"":1,""formal_charge"":0,""aromatic"":0,""hybridization"":""S"",""degree"":1,""total_hs"":0,""in_ring"":0,""ring_count"":0,""neighbor_sig"":[""6:S:1""],""bond_kinds"":[""S""],""hop1_shell"":[{""z"":6,""fc"":0,""ar"":1,""deg"":3,""h"":1,""ring"":1}],""hop2_shell"":[{""z"":6,""fc"":0,""ar"":1,""deg"":3,""h"":1,""ring"":1},{""z"":6,""fc"":0,""ar"":1,""deg"":3,""h"":1,""ring"":1}]}"
segment2,20,C,20,LMP_20,-0.1497,3.5,0.066,12.011,"{""z"":6,""formal_charge"":0,""aromatic"":0,""hybridization"":""SP3"",""degree"":4,""total_hs"":2,""in_ring"":0,""ring_count"":0,""neighbor_sig"":[""1:S:0"",""1:S:0"",""6:S:0"",""6:S:0""],""bond_kinds"":[""S"",""S"",""S"",""S""],""hop1_shell"":[{""z"":1,""fc"":0,""ar"":0,""deg"":1,""h"":0,""ring"":0},{""z"":1,""fc"":0,""ar"":0,""deg"":1,""h"":0,""ring"":0},{""z"":6,""fc"":0,""ar"":0,""deg"":4,""h"":0,""ring"":0},{""z"":6,""fc"":0,""ar"":0,""deg"":4,""h"":1,""ring"":0}],""hop2_shell"":[{""z"":1,""fc"":0,""ar"":0,""deg"":1,""h"":0,""ring"":0},{""z"":6,""fc"":0,""ar"":0,""deg"":3,""h"":0,""ring"":0},{""z"":6,""fc"":0,""ar"":0,""deg"":4,""h"":2,""ring"":0},{""z"":6,""fc"":0,""ar"":0,""deg"":4,""h"":3,""ring"":0},{""z"":6,""fc"":0,""ar"":0,""deg"":4,""h"":3,""ring"":0},{""z"":6,""fc"":0,""ar"":1,""deg"":3,""h"":0,""ring"":1}]}"
segment2,21,C,21,LMP_21,-0.0635,3.5,0.066,12.011,"{""z"":6,""formal_charge"":0,""aromatic"":0,""hybridization"":""SP3"",""degree"":4,""total_hs"":1,""in_ring"":0,""ring_count"":0,""neighbor_sig"":[""1:S:0"",""6:S:0"",""6:S:0"",""6:S:1""],""bond_kinds"":[""S"",""S"",""S"",""S""],""hop1_shell"":[{""z"":1,""fc"":0,""ar"":0,""deg"":1,""h"":0,""ring"":0},{""z"":6,""fc"":0,""ar"":0,""deg"":4,""h"":2,""ring"":0},{""z"":6,""fc"":0,""ar"":0,""deg"":4,""h"":2,""ring"":0},{""z"":6,""fc"":0,""ar"":1,""deg"":3,""h"":0,""ring"":1}],""hop2_shell"":[{""z"":1,""fc"":0,""ar"":0,""deg"":1,""h"":0,""ring"":0},{""z"":1,""fc"":0,""ar"":0,""deg"":1,""h"":0,""ring"":0},{""z"":1,""fc"":0,""ar"":0,""deg"":1,""h"":0,""ring"":0},{""z"":1,""fc"":0,""ar"":0,""deg"":1,""h"":0,""ring"":0},{""z"":6,""fc"":0,""ar"":0,""deg"":4,""h"":0,""ring"":0},{""z"":6,""fc"":0,""ar"":0,""deg"":4,""h"":1,""ring"":0},{""z"":6,""fc"":0,""ar"":1,""deg"":3,""h"":1,""ring"":1},{""z"":6,""fc"":0,""ar"":1,""deg"":3,""h"":1,""ring"":1}]}"
segment2,22,H,22,LMP_22,0.1103,2.5,0.03,1.008,"{""z"":1,""formal_charge"":0,""aromatic"":0,""hybridization"":""S"",""degree"":1,""total_hs"":0,""in_ring"":0,""ring_count"":0,""neighbor_sig"":[""6:S:0""],""bond_kinds"":[""S""],""hop1_shell"":[{""z"":6,""fc"":0,""ar"":0,""deg"":4,""h"":2,""ring"":0}],""hop2_shell"":[{""z"":1,""fc"":0,""ar"":0,""deg"":1,""h"":0,""ring"":0},{""z"":6,""fc"":0,""ar"":0,""deg"":4,""h"":0,""ring"":0},{""z"":6,""fc"":0,""ar"":0,""deg"":4,""h"":1,""ring"":0}]}"
segment2,23,H,23,LMP_23,0.1103,2.5,0.03,1.008,"{""z"":1,""formal_charge"":0,""aromatic"":0,""hybridization"":""S"",""degree"":1,""total_hs"":0,""in_ring"":0,""ring_count"":0,""neighbor_sig"":[""6:S:0""],""bond_kinds"":[""S""],""hop1_shell"":[{""z"":6,""fc"":0,""ar"":0,""deg"":4,""h"":2,""ring"":0}],""hop2_shell"":[{""z"":1,""fc"":0,""ar"":0,""deg"":1,""h"":0,""ring"":0},{""z"":6,""fc"":0,""ar"":0,""deg"":4,""h"":0,""ring"":0},{""z"":6,""fc"":0,""ar"":0,""deg"":4,""h"":1,""ring"":0}]}"
segment2,24,C,24,LMP_24,-0.0762,3.55,0.07,12.011,"{""z"":6,""formal_charge"":0,""aromatic"":1,""hybridization"":""SP2"",""degree"":3,""total_hs"":0,""in_ring"":1,""ring_count"":1,""neighbor_sig"":[""6:A:1"",""6:A:1"",""6:S:0""],""bond_kinds"":[""A"",""A"",""S""],""hop1_shell"":[{""z"":6,""fc"":0,""ar"":0,""deg"":4,""h"":1,""ring"":0},{""z"":6,""fc"":0,""ar"":1,""deg"":3,""h"":1,""ring"":1},{""z"":6,""fc"":0,""ar"":1,""deg"":3,""h"":1,""ring"":1}],""hop2_shell"":[{""z"":1,""fc"":0,""ar"":0,""deg"":1,""h"":0,""ring"":0},{""z"":1,""fc"":0,""ar"":0,""deg"":1,""h"":0,""ring"":0},{""z"":1,""fc"":0,""ar"":0,""deg"":1,""h"":0,""ring"":0},{""z"":6,""fc"":0,""ar"":0,""deg"":4,""h"":2,""ring"":0},{""z"":6,""fc"":0,""ar"":0,""deg"":4,""h"":2,""ring"":0},{""z"":6,""fc"":0,""ar"":1,""deg"":3,""h"":1,""ring"":1},{""z"":6,""fc"":0,""ar"":1,""deg"":3,""h"":1,""ring"":1}]}"
segment2,25,H,25,LMP_25,0.1222,2.5,0.03,1.008,"{""z"":1,""formal_charge"":0,""aromatic"":0,""hybridization"":""S"",""degree"":1,""total_hs"":0,""in_ring"":0,""ring_count"":0,""neighbor_sig"":[""6:S:0""],""bond_kinds"":[""S""],""hop1_shell"":[{""z"":6,""fc"":0,""ar"":0,""deg"":4,""h"":1,""ring"":0}],""hop2_shell"":[{""z"":6,""fc"":0,""ar"":0,""deg"":4,""h"":2,""ring"":0},{""z"":6,""fc"":0,""ar"":0,""deg"":4,""h"":2,""ring"":0},{""z"":6,""fc"":0,""ar"":1,""deg"":3,""h"":0,""ring"":1}]}"
segment2,26,C,26,LMP_26,-0.1422,3.55,0.07,12.011,"{""z"":6,""formal_charge"":0,""aromatic"":1,""hybridization"":""SP2"",""degree"":3,""total_hs"":1,""in_ring"":1,""ring_count"":1,""neighbor_sig"":[""1:S:0"",""6:A:1"",""6:A:1""],""bond_kinds"":[""A"",""A"",""S""],""hop1_shell"":[{""z"":1,""fc"":0,""ar"":0,""deg"":1,""h"":0,""ring"":0},{""z"":6,""fc"":0,""ar"":1,""deg"":3,""h"":0,""ring"":1},{""z"":6,""fc"":0,""ar"":1,""deg"":3,""h"":1,""ring"":1}],""hop2_shell"":[{""z"":1,""fc"":0,""ar"":0,""deg"":1,""h"":0,""ring"":0},{""z"":6,""fc"":0,""ar"":0,""deg"":4,""h"":1,""ring"":0},{""z"":6,""fc"":0,""ar"":1,""deg"":3,""h"":1,""ring"":1},{""z"":6,""fc"":0,""ar"":1,""deg"":3,""h"":1,""ring"":1}]}"
segment2,27,C,27,LMP_27,-0.1422,3.55,0.07,12.011,"{""z"":6,""formal_charge"":0,""aromatic"":1,""hybridization"":""SP2"",""degree"":3,""total_hs"":1,""in_ring"":1,""ring_count"":1,""neighbor_sig"":[""1:S:0"",""6:A:1"",""6:A:1""],""bond_kinds"":[""A"",""A"",""S""],""hop1_shell"":[{""z"":1,""fc"":0,""ar"":0,""deg"":1,""h"":0,""ring"":0},{""z"":6,""fc"":0,""ar"":1,""deg"":3,""h"":0,""ring"":1},{""z"":6,""fc"":0,""ar"":1,""deg"":3,""h"":1,""ring"":1}],""hop2_shell"":[{""z"":1,""fc"":0,""ar"":0,""deg"":1,""h"":0,""ring"":0},{""z"":6,""fc"":0,""ar"":0,""deg"":4,""h"":1,""ring"":0},{""z"":6,""fc"":0,""ar"":1,""deg"":3,""h"":1,""ring"":1},{""z"":6,""fc"":0,""ar"":1,""deg"":3,""h"":1,""ring"":1}]}"
segment2,28,C,28,LMP_28,-0.1508,3.55,0.07,12.011,"{""z"":6,""formal_charge"":0,""aromatic"":1,""hybridization"":""SP2"",""degree"":3,""total_hs"":1,""in_ring"":1,""ring_count"":1,""neighbor_sig"":[""1:S:0"",""6:A:1"",""6:A:1""],""bond_kinds"":[""A"",""A"",""S""],""hop1_shell"":[{""z"":1,""fc"":0,""ar"":0,""deg"":1,""h"":0,""ring"":0},{""z"":6,""fc"":0,""ar"":1,""deg"":3,""h"":1,""ring"":1},{""z"":6,""fc"":0,""ar"":1,""deg"":3,""h"":1,""ring"":1}],""hop2_shell"":[{""z"":1,""fc"":0,""ar"":0,""deg"":1,""h"":0,""ring"":0},{""z"":1,""fc"":0,""ar"":0,""deg"":1,""h"":0,""ring"":0},{""z"":6,""fc"":0,""ar"":1,""deg"":3,""h"":0,""ring"":1},{""z"":6,""fc"":0,""ar"":1,""deg"":3,""h"":1,""ring"":1}]}"
segment2,29,H,29,LMP_29,0.151,2.42,0.03,1.008,"{""z"":1,""formal_charge"":0,""aromatic"":0,""hybridization"":""S"",""degree"":1,""total_hs"":0,""in_ring"":0,""ring_count"":0,""neighbor_sig"":[""6:S:1""],""bond_kinds"":[""S""],""hop1_shell"":[{""z"":6,""fc"":0,""ar"":1,""deg"":3,""h"":1,""ring"":1}],""hop2_shell"":[{""z"":6,""fc"":0,""ar"":1,""deg"":3,""h"":0,""ring"":1},{""z"":6,""fc"":0,""ar"":1,""deg"":3,""h"":1,""ring"":1}]}"
segment2,30,C,30,LMP_30,-0.1508,3.55,0.07,12.011,"{""z"":6,""formal_charge"":0,""aromatic"":1,""hybridization"":""SP2"",""degree"":3,""total_hs"":1,""in_ring"":1,""ring_count"":1,""neighbor_sig"":[""1:S:0"",""6:A:1"",""6:A:1""],""bond_kinds"":[""A"",""A"",""S""],""hop1_shell"":[{""z"":1,""fc"":0,""ar"":0,""deg"":1,""h"":0,""ring"":0},{""z"":6,""fc"":0,""ar"":1,""deg"":3,""h"":1,""ring"":1},{""z"":6,""fc"":0,""ar"":1,""deg"":3,""h"":1,""ring"":1}],""hop2_shell"":[{""z"":1,""fc"":0,""ar"":0,""deg"":1,""h"":0,""ring"":0},{""z"":1,""fc"":0,""ar"":0,""deg"":1,""h"":0,""ring"":0},{""z"":6,""fc"":0,""ar"":1,""deg"":3,""h"":0,""ring"":1},{""z"":6,""fc"":0,""ar"":1,""deg"":3,""h"":1,""ring"":1}]}"
segment2,31,H,31,LMP_31,0.151,2.42,0.03,1.008,"{""z"":1,""formal_charge"":0,""aromatic"":0,""hybridization"":""S"",""degree"":1,""total_hs"":0,""in_ring"":0,""ring_count"":0,""neighbor_sig"":[""6:S:1""],""bond_kinds"":[""S""],""hop1_shell"":[{""z"":6,""fc"":0,""ar"":1,""deg"":3,""h"":1,""ring"":1}],""hop2_shell"":[{""z"":6,""fc"":0,""ar"":1,""deg"":3,""h"":0,""ring"":1},{""z"":6,""fc"":0,""ar"":1,""deg"":3,""h"":1,""ring"":1}]}"
segment2,32,C,32,LMP_32,-0.1489,3.55,0.07,12.011,"{""z"":6,""formal_charge"":0,""aromatic"":1,""hybridization"":""SP2"",""degree"":3,""total_hs"":1,""in_ring"":1,""ring_count"":1,""neighbor_sig"":[""1:S:0"",""6:A:1"",""6:A:1""],""bond_kinds"":[""A"",""A"",""S""],""hop1_shell"":[{""z"":1,""fc"":0,""ar"":0,""deg"":1,""h"":0,""ring"":0},{""z"":6,""fc"":0,""ar"":1,""deg"":3,""h"":1,""ring"":1},{""z"":6,""fc"":0,""ar"":1,""deg"":3,""h"":1,""ring"":1}],""hop2_shell"":[{""z"":1,""fc"":0,""ar"":0,""deg"":1,""h"":0,""ring"":0},{""z"":1,""fc"":0,""ar"":0,""deg"":1,""h"":0,""ring"":0},{""z"":6,""fc"":0,""ar"":1,""deg"":3,""h"":1,""ring"":1},{""z"":6,""fc"":0,""ar"":1,""deg"":3,""h"":1,""ring"":1}]}"
segment2,33,H,33,LMP_33,0.1542,2.42,0.03,1.008,"{""z"":1,""formal_charge"":0,""aromatic"":0,""hybridization"":""S"",""degree"":1,""total_hs"":0,""in_ring"":0,""ring_count"":0,""neighbor_sig"":[""6:S:1""],""bond_kinds"":[""S""],""hop1_shell"":[{""z"":6,""fc"":0,""ar"":1,""deg"":3,""h"":1,""ring"":1}],""hop2_shell"":[{""z"":6,""fc"":0,""ar"":1,""deg"":3,""h"":1,""ring"":1},{""z"":6,""fc"":0,""ar"":1,""deg"":3,""h"":1,""ring"":1}]}"
segment2,34,H,34,LMP_34,0.1542,2.42,0.03,1.008,"{""z"":1,""formal_charge"":0,""aromatic"":0,""hybridization"":""S"",""degree"":1,""total_hs"":0,""in_ring"":0,""ring_count"":0,""neighbor_sig"":[""6:S:1""],""bond_kinds"":[""S""],""hop1_shell"":[{""z"":6,""fc"":0,""ar"":1,""deg"":3,""h"":1,""ring"":1}],""hop2_shell"":[{""z"":6,""fc"":0,""ar"":1,""deg"":3,""h"":1,""ring"":1},{""z"":6,""fc"":0,""ar"":1,""deg"":3,""h"":1,""ring"":1}]}"
segment2,35,H,35,LMP_35,0.1532,2.42,0.03,1.008,"{""z"":1,""formal_charge"":0,""aromatic"":0,""hybridization"":""S"",""degree"":1,""total_hs"":0,""in_ring"":0,""ring_count"":0,""neighbor_sig"":[""6:S:1""],""bond_kinds"":[""S""],""hop1_shell"":[{""z"":6,""fc"":0,""ar"":1,""deg"":3,""h"":1,""ring"":1}],""hop2_shell"":[{""z"":6,""fc"":0,""ar"":1,""deg"":3,""h"":1,""ring"":1},{""z"":6,""fc"":0,""ar"":1,""deg"":3,""h"":1,""ring"":1}]}"
segment2,36,C,36,LMP_36,-0.129,3.5,0.066,12.011,"{""z"":6,""formal_charge"":0,""aromatic"":0,""hybridization"":""SP3"",""degree"":4,""total_hs"":0,""in_ring"":0,""ring_count"":0,""neighbor_sig"":[""6:S:0"",""6:S:0"",""6:S:0"",""6:S:0""],""bond_kinds"":[""S"",""S"",""S"",""S""],""hop1_shell"":[{""z"":6,""fc"":0,""ar"":0,""deg"":3,""h"":0,""ring"":0},{""z"":6,""fc"":0,""ar"":0,""deg"":4,""h"":2,""ring"":0},{""z"":6,""fc"":0,""ar"":0,""deg"":4,""h"":3,""ring"":0},{""z"":6,""fc"":0,""ar"":0,""deg"":4,""h"":3,""ring"":0}],""hop2_shell"":[{""z"":1,""fc"":0,""ar"":0,""deg"":1,""h"":0,""ring"":0},{""z"":1,""fc"":0,""ar"":0,""deg"":1,""h"":0,""ring"":0},{""z"":1,""fc"":0,""ar"":0,""deg"":1,""h"":0,""ring"":0},{""z"":1,""fc"":0,""ar"":0,""deg"":1,""h"":0,""ring"":0},{""z"":1,""fc"":0,""ar"":0,""deg"":1,""h"":0,""ring"":0},{""z"":1,""fc"":0,""ar"":0,""deg"":1,""h"":0,""ring"":0},{""z"":1,""fc"":0,""ar"":0,""deg"":1,""h"":0,""ring"":0},{""z"":1,""fc"":0,""ar"":0,""deg"":1,""h"":0,""ring"":0},{""z"":6,""fc"":0,""ar"":0,""deg"":4,""h"":1,""ring"":0},{""z"":8,""fc"":0,""ar"":0,""deg"":1,""h"":0,""ring"":0},{""z"":8,""fc"":0,""ar"":0,""deg"":2,""h"":0,""ring"":0}]}"
segment2,37,C,37,LMP_37,0.4575,3.55,0.07,12.011,"{""z"":6,""formal_charge"":0,""aromatic"":0,""hybridization"":""SP2"",""degree"":3,""total_hs"":0,""in_ring"":0,""ring_count"":0,""neighbor_sig"":[""6:S:0"",""8:D:0"",""8:S:0""],""bond_kinds"":[""D"",""S"",""S""],""hop1_shell"":[{""z"":6,""fc"":0,""ar"":0,""deg"":4,""h"":0,""ring"":0},{""z"":8,""fc"":0,""ar"":0,""deg"":1,""h"":0,""ring"":0},{""z"":8,""fc"":0,""ar"":0,""deg"":2,""h"":0,""ring"":0}],""hop2_shell"":[{""z"":6,""fc"":0,""ar"":0,""deg"":4,""h"":2,""ring"":0},{""z"":6,""fc"":0,""ar"":0,""deg"":4,""h"":2,""ring"":0},{""z"":6,""fc"":0,""ar"":0,""deg"":4,""h"":3,""ring"":0},{""z"":6,""fc"":0,""ar"":0,""deg"":4,""h"":3,""ring"":0}]}"
segment2,38,O,38,LMP_38,-0.4461,2.96,0.21,15.999,"{""z"":8,""formal_charge"":0,""aromatic"":0,""hybridization"":""SP2"",""degree"":1,""total_hs"":0,""in_ring"":0,""ring_count"":0,""neighbor_sig"":[""6:D:0""],""bond_kinds"":[""D""],""hop1_shell"":[{""z"":6,""fc"":0,""ar"":0,""deg"":3,""h"":0,""ring"":0}],""hop2_shell"":[{""z"":6,""fc"":0,""ar"":0,""deg"":4,""h"":0,""ring"":0},{""z"":8,""fc"":0,""ar"":0,""deg"":2,""h"":0,""ring"":0}]}"
segment2,39,O,39,LMP_39,-0.3874,2.9,0.14,15.999,"{""z"":8,""formal_charge"":0,""aromatic"":0,""hybridization"":""SP2"",""degree"":2,""total_hs"":0,""in_ring"":0,""ring_count"":0,""neighbor_sig"":[""6:S:0"",""6:S:0""],""bond_kinds"":[""S"",""S""],""hop1_shell"":[{""z"":6,""fc"":0,""ar"":0,""deg"":3,""h"":0,""ring"":0},{""z"":6,""fc"":0,""ar"":0,""deg"":4,""h"":2,""ring"":0}],""hop2_shell"":[{""z"":1,""fc"":0,""ar"":0,""deg"":1,""h"":0,""ring"":0},{""z"":1,""fc"":0,""ar"":0,""deg"":1,""h"":0,""ring"":0},{""z"":6,""fc"":0,""ar"":0,""deg"":4,""h"":0,""ring"":0},{""z"":6,""fc"":0,""ar"":0,""deg"":4,""h"":3,""ring"":0},{""z"":8,""fc"":0,""ar"":0,""deg"":1,""h"":0,""ring"":0}]}"
segment2,40,C,40,LMP_40,0.0083,3.5,0.066,12.011,"{""z"":6,""formal_charge"":0,""aromatic"":0,""hybridization"":""SP3"",""degree"":4,""total_hs"":2,""in_ring"":0,""ring_count"":0,""neighbor_sig"":[""1:S:0"",""1:S:0"",""6:S:0"",""8:S:0""],""bond_kinds"":[""S"",""S"",""S"",""S""],""hop1_shell"":[{""z"":1,""fc"":0,""ar"":0,""deg"":1,""h"":0,""ring"":0},{""z"":1,""fc"":0,""ar"":0,""deg"":1,""h"":0,""ring"":0},{""z"":6,""fc"":0,""ar"":0,""deg"":4,""h"":3,""ring"":0},{""z"":8,""fc"":0,""ar"":0,""deg"":2,""h"":0,""ring"":0}],""hop2_shell"":[{""z"":1,""fc"":0,""ar"":0,""deg"":1,""h"":0,""ring"":0},{""z"":1,""fc"":0,""ar"":0,""deg"":1,""h"":0,""ring"":0},{""z"":1,""fc"":0,""ar"":0,""deg"":1,""h"":0,""ring"":0},{""z"":6,""fc"":0,""ar"":0,""deg"":3,""h"":0,""ring"":0}]}"
segment2,41,C,41,LMP_41,-0.2644,3.5,0.066,12.011,"{""z"":6,""formal_charge"":0,""aromatic"":0,""hybridization"":""SP3"",""degree"":4,""total_hs"":3,""in_ring"":0,""ring_count"":0,""neighbor_sig"":[""1:S:0"",""1:S:0"",""1:S:0"",""6:S:0""],""bond_kinds"":[""S"",""S"",""S"",""S""],""hop1_shell"":[{""z"":1,""fc"":0,""ar"":0,""deg"":1,""h"":0,""ring"":0},{""z"":1,""fc"":0,""ar"":0,""deg"":1,""h"":0,""ring"":0},{""z"":1,""fc"":0,""ar"":0,""deg"":1,""h"":0,""ring"":0},{""z"":6,""fc"":0,""ar"":0,""deg"":4,""h"":2,""ring"":0}],""hop2_shell"":[{""z"":1,""fc"":0,""ar"":0,""deg"":1,""h"":0,""ring"":0},{""z"":1,""fc"":0,""ar"":0,""deg"":1,""h"":0,""ring"":0},{""z"":8,""fc"":0,""ar"":0,""deg"":2,""h"":0,""ring"":0}]}"
segment2,42,H,42,LMP_42,0.103,2.5,0.03,1.008,"{""z"":1,""formal_charge"":0,""aromatic"":0,""hybridization"":""S"",""degree"":1,""total_hs"":0,""in_ring"":0,""ring_count"":0,""neighbor_sig"":[""6:S:0""],""bond_kinds"":[""S""],""hop1_shell"":[{""z"":6,""fc"":0,""ar"":0,""deg"":4,""h"":2,""ring"":0}],""hop2_shell"":[{""z"":1,""fc"":0,""ar"":0,""deg"":1,""h"":0,""ring"":0},{""z"":6,""fc"":0,""ar"":0,""deg"":4,""h"":3,""ring"":0},{""z"":8,""fc"":0,""ar"":0,""deg"":2,""h"":0,""ring"":0}]}"
segment2,43,H,43,LMP_43,0.103,2.5,0.03,1.008,"{""z"":1,""formal_charge"":0,""aromatic"":0,""hybridization"":""S"",""degree"":1,""total_hs"":0,""in_ring"":0,""ring_count"":0,""neighbor_sig"":[""6:S:0""],""bond_kinds"":[""S""],""hop1_shell"":[{""z"":6,""fc"":0,""ar"":0,""deg"":4,""h"":2,""ring"":0}],""hop2_shell"":[{""z"":1,""fc"":0,""ar"":0,""deg"":1,""h"":0,""ring"":0},{""z"":6,""fc"":0,""ar"":0,""deg"":4,""h"":3,""ring"":0},{""z"":8,""fc"":0,""ar"":0,""deg"":2,""h"":0,""ring"":0}]}"
segment2,44,H,44,LMP_44,0.1047,2.5,0.03,1.008,"{""z"":1,""formal_charge"":0,""aromatic"":0,""hybridization"":""S"",""degree"":1,""total_hs"":0,""in_ring"":0,""ring_count"":0,""neighbor_sig"":[""6:S:0""],""bond_kinds"":[""S""],""hop1_shell"":[{""z"":6,""fc"":0,""ar"":0,""deg"":4,""h"":3,""ring"":0}],""hop2_shell"":[{""z"":1,""fc"":0,""ar"":0,""deg"":1,""h"":0,""ring"":0},{""z"":1,""fc"":0,""ar"":0,""deg"":1,""h"":0,""ring"":0},{""z"":6,""fc"":0,""ar"":0,""deg"":4,""h"":2,""ring"":0}]}"
segment2,45,H,45,LMP_45,0.1047,2.5,0.03,1.008,"{""z"":1,""formal_charge"":0,""aromatic"":0,""hybridization"":""S"",""degree"":1,""total_hs"":0,""in_ring"":0,""ring_count"":0,""neighbor_sig"":[""6:S:0""],""bond_kinds"":[""S""],""hop1_shell"":[{""z"":6,""fc"":0,""ar"":0,""deg"":4,""h"":3,""ring"":0}],""hop2_shell"":[{""z"":1,""fc"":0,""ar"":0,""deg"":1,""h"":0,""ring"":0},{""z"":1,""fc"":0,""ar"":0,""deg"":1,""h"":0,""ring"":0},{""z"":6,""fc"":0,""ar"":0,""deg"":4,""h"":2,""ring"":0}]}"
segment2,46,H,46,LMP_46,0.1047,2.5,0.03,1.008,"{""z"":1,""formal_charge"":0,""aromatic"":0,""hybridization"":""S"",""degree"":1,""total_hs"":0,""in_ring"":0,""ring_count"":0,""neighbor_sig"":[""6:S:0""],""bond_kinds"":[""S""],""hop1_shell"":[{""z"":6,""fc"":0,""ar"":0,""deg"":4,""h"":3,""ring"":0}],""hop2_shell"":[{""z"":1,""fc"":0,""ar"":0,""deg"":1,""h"":0,""ring"":0},{""z"":1,""fc"":0,""ar"":0,""deg"":1,""h"":0,""ring"":0},{""z"":6,""fc"":0,""ar"":0,""deg"":4,""h"":2,""ring"":0}]}"
segment2,47,C,47,LMP_47,0.1012,3.5,0.066,12.011,"{""z"":6,""formal_charge"":0,""aromatic"":0,""hybridization"":""SP3"",""degree"":4,""total_hs"":3,""in_ring"":0,""ring_count"":0,""neighbor_sig"":[""1:S:0"",""1:S:0"",""1:S:0"",""6:S:0""],""bond_kinds"":[""S"",""S"",""S"",""S""],""hop1_shell"":[{""z"":1,""fc"":0,""ar"":0,""deg"":1,""h"":0,""ring"":0},{""z"":1,""fc"":0,""ar"":0,""deg"":1,""h"":0,""ring"":0},{""z"":1,""fc"":0,""ar"":0,""deg"":1,""h"":0,""ring"":0},{""z"":6,""fc"":0,""ar"":0,""deg"":4,""h"":0,""ring"":0}],""hop2_shell"":[{""z"":6,""fc"":0,""ar"":0,""deg"":3,""h"":0,""ring"":0},{""z"":6,""fc"":0,""ar"":0,""deg"":4,""h"":2,""ring"":0},{""z"":6,""fc"":0,""ar"":0,""deg"":4,""h"":3,""ring"":0}]}"
segment2,48,C,48,LMP_48,-0.2445,3.5,0.066,12.011,"{""z"":6,""formal_charge"":0,""aromatic"":0,""hybridization"":""SP3"",""degree"":4,""total_hs"":3,""in_ring"":0,""ring_count"":0,""neighbor_sig"":[""1:S:0"",""1:S:0"",""1:S:0"",""6:S:0""],""bond_kinds"":[""S"",""S"",""S"",""S""],""hop1_shell"":[{""z"":1,""fc"":0,""ar"":0,""deg"":1,""h"":0,""ring"":0},{""z"":1,""fc"":0,""ar"":0,""deg"":1,""h"":0,""ring"":0},{""z"":1,""fc"":0,""ar"":0,""deg"":1,""h"":0,""ring"":0},{""z"":6,""fc"":0,""ar"":0,""deg"":4,""h"":0,""ring"":0}],""hop2_shell"":[{""z"":6,""fc"":0,""ar"":0,""deg"":3,""h"":0,""ring"":0},{""z"":6,""fc"":0,""ar"":0,""deg"":4,""h"":2,""ring"":0},{""z"":6,""fc"":0,""ar"":0,""deg"":4,""h"":3,""ring"":0}]}"
segment2,49,H,49,LMP_49,0.015,2.5,0.03,1.008,"{""z"":1,""formal_charge"":0,""aromatic"":0,""hybridization"":""S"",""degree"":1,""total_hs"":0,""in_ring"":0,""ring_count"":0,""neighbor_sig"":[""6:S:0""],""bond_kinds"":[""S""],""hop1_shell"":[{""z"":6,""fc"":0,""ar"":0,""deg"":4,""h"":3,""ring"":0}],""hop2_shell"":[{""z"":1,""fc"":0,""ar"":0,""deg"":1,""h"":0,""ring"":0},{""z"":1,""fc"":0,""ar"":0,""deg"":1,""h"":0,""ring"":0},{""z"":6,""fc"":0,""ar"":0,""deg"":4,""h"":0,""ring"":0}]}"
segment2,50,H,50,LMP_50,0.015,2.5,0.03,1.008,"{""z"":1,""formal_charge"":0,""aromatic"":0,""hybridization"":""S"",""degree"":1,""total_hs"":0,""in_ring"":0,""ring_count"":0,""neighbor_sig"":[""6:S:0""],""bond_kinds"":[""S""],""hop1_shell"":[{""z"":6,""fc"":0,""ar"":0,""deg"":4,""h"":3,""ring"":0}],""hop2_shell"":[{""z"":1,""fc"":0,""ar"":0,""deg"":1,""h"":0,""ring"":0},{""z"":1,""fc"":0,""ar"":0,""deg"":1,""h"":0,""ring"":0},{""z"":6,""fc"":0,""ar"":0,""deg"":4,""h"":0,""ring"":0}]}"
segment2,51,H,51,LMP_51,-0.3329,2.5,0.03,1.008,"{""z"":1,""formal_charge"":0,""aromatic"":0,""hybridization"":""S"",""degree"":1,""total_hs"":0,""in_ring"":0,""ring_count"":0,""neighbor_sig"":[""6:S:0""],""bond_kinds"":[""S""],""hop1_shell"":[{""z"":6,""fc"":0,""ar"":0,""deg"":4,""h"":3,""ring"":0}],""hop2_shell"":[{""z"":1,""fc"":0,""ar"":0,""deg"":1,""h"":0,""ring"":0},{""z"":1,""fc"":0,""ar"":0,""deg"":1,""h"":0,""ring"":0},{""z"":6,""fc"":0,""ar"":0,""deg"":4,""h"":0,""ring"":0}]}"
segment2,52,H,52,LMP_52,0.0962,2.5,0.03,1.008,"{""z"":1,""formal_charge"":0,""aromatic"":0,""hybridization"":""S"",""degree"":1,""total_hs"":0,""in_ring"":0,""ring_count"":0,""neighbor_sig"":[""6:S:0""],""bond_kinds"":[""S""],""hop1_shell"":[{""z"":6,""fc"":0,""ar"":0,""deg"":4,""h"":3,""ring"":0}],""hop2_shell"":[{""z"":1,""fc"":0,""ar"":0,""deg"":1,""h"":0,""ring"":0},{""z"":1,""fc"":0,""ar"":0,""deg"":1,""h"":0,""ring"":0},{""z"":6,""fc"":0,""ar"":0,""deg"":4,""h"":0,""ring"":0}]}"
segment2,53,H,53,LMP_53,0.0962,2.5,0.03,1.008,"{""z"":1,""formal_charge"":0,""aromatic"":0,""hybridization"":""S"",""degree"":1,""total_hs"":0,""in_ring"":0,""ring_count"":0,""neighbor_sig"":[""6:S:0""],""bond_kinds"":[""S""],""hop1_shell"":[{""z"":6,""fc"":0,""ar"":0,""deg"":4,""h"":3,""ring"":0}],""hop2_shell"":[{""z"":1,""fc"":0,""ar"":0,""deg"":1,""h"":0,""ring"":0},{""z"":1,""fc"":0,""ar"":0,""deg"":1,""h"":0,""ring"":0},{""z"":6,""fc"":0,""ar"":0,""deg"":4,""h"":0,""ring"":0}]}"
segment2,54,H,54,LMP_54,0.0962,2.5,0.03,1.008,"{""z"":1,""formal_charge"":0,""aromatic"":0,""hybridization"":""S"",""degree"":1,""total_hs"":0,""in_ring"":0,""ring_count"":0,""neighbor_sig"":[""6:S:0""],""bond_kinds"":[""S""],""hop1_shell"":[{""z"":6,""fc"":0,""ar"":0,""deg"":4,""h"":3,""ring"":0}],""hop2_shell"":[{""z"":1,""fc"":0,""ar"":0,""deg"":1,""h"":0,""ring"":0},{""z"":1,""fc"":0,""ar"":0,""deg"":1,""h"":0,""ring"":0},{""z"":6,""fc"":0,""ar"":0,""deg"":4,""h"":0,""ring"":0}]}"
segment2,55,H,55,LMP_55,0.0384,2.5,0.03,1.008,"{""z"":1,""formal_charge"":0,""aromatic"":0,""hybridization"":""S"",""degree"":1,""total_hs"":0,""in_ring"":0,""ring_count"":0,""neighbor_sig"":[""6:S:0""],""bond_kinds"":[""S""],""hop1_shell"":[{""z"":6,""fc"":0,""ar"":0,""deg"":4,""h"":3,""ring"":0}],""hop2_shell"":[{""z"":1,""fc"":0,""ar"":0,""deg"":1,""h"":0,""ring"":0},{""z"":1,""fc"":0,""ar"":0,""deg"":1,""h"":0,""ring"":0},{""z"":6,""fc"":0,""ar"":0,""deg"":4,""h"":1,""ring"":0}]}"
